Cattle_ID,PregStatus,DaysPregnant,DueDate,LastCheckupDate,VetName
CATTLE_038684,Not Pregnant,0,,2025-10-15,Dr. Anita
CATTLE_064940,Not Pregnant,0,,2025-10-11,Dr. Patel
CATTLE_003955,Not Pregnant,0,,2025-11-13,Dr. Patel
CATTLE_120375,Not Pregnant,0,,2025-10-20,Dr. Smith
CATTLE_172862,Not Pregnant,0,,2025-09-09,Dr. Patel
CATTLE_149304,Pregnant,183,2026-04-04,2025-11-19,Dr. Smith
CATTLE_111627,Not Pregnant,0,,2025-11-08,Dr. John
CATTLE_164554,Pregnant,135,2026-05-22,2025-12-17,Dr. Patel
CATTLE_055780,Not Pregnant,0,,2025-10-27,Dr. Smith
CATTLE_141991,Not Pregnant,0,,2025-12-05,Dr. Patel
CATTLE_176729,Pregnant,125,2026-06-01,2025-10-31,Dr. John
CATTLE_022050,Not Pregnant,0,,2025-09-08,Dr. Patel
CATTLE_077432,Not Pregnant,0,,2025-10-12,Dr. Smith
CATTLE_111500,Not Pregnant,0,,2025-10-01,Dr. Patel
CATTLE_228765,Not Pregnant,0,,2025-11-20,Dr. Smith
CATTLE_029676,Not Pregnant,0,,2025-09-28,Dr. Smith
CATTLE_036727,Not Pregnant,0,,2025-11-04,Dr. John
CATTLE_075960,Not Pregnant,0,,2025-09-01,Dr. John
CATTLE_247466,Not Pregnant,0,,2025-09-22,Dr. John
CATTLE_128857,Not Pregnant,0,,2025-10-27,Dr. Smith
CATTLE_034525,Not Pregnant,0,,2025-12-02,Dr. Smith
CATTLE_114952,Pregnant,139,2026-05-18,2025-12-15,Dr. Smith
CATTLE_101079,Not Pregnant,0,,2025-11-14,Dr. John
CATTLE_209307,Not Pregnant,0,,2025-10-16,Dr. John
CATTLE_123692,Pregnant,40,2026-08-25,2025-11-06,Dr. Patel
CATTLE_120450,Not Pregnant,0,,2025-11-20,Dr. Patel
CATTLE_098056,Pregnant,72,2026-07-24,2025-11-18,Dr. Patel
CATTLE_198905,Not Pregnant,0,,2025-10-17,Dr. Smith
CATTLE_113369,Not Pregnant,0,,2025-09-10,Dr. Anita
CATTLE_015502,Not Pregnant,0,,2025-10-27,Dr. Anita
CATTLE_180180,Not Pregnant,0,,2025-10-20,Dr. Anita
CATTLE_111014,Pregnant,128,2026-05-29,2025-11-30,Dr. John
CATTLE_208705,Not Pregnant,0,,2025-11-24,Dr. John
CATTLE_138105,Not Pregnant,0,,2025-09-12,Dr. Smith
CATTLE_155477,Not Pregnant,0,,2025-11-06,Dr. Anita
CATTLE_060728,Not Pregnant,0,,2025-09-27,Dr. John
CATTLE_175430,Not Pregnant,0,,2025-11-10,Dr. Patel
CATTLE_024992,Not Pregnant,0,,2025-12-04,Dr. Anita
CATTLE_121662,Pregnant,53,2026-08-12,2025-11-30,Dr. Anita
CATTLE_042898,Not Pregnant,0,,2025-09-04,Dr. John
CATTLE_065708,Not Pregnant,0,,2025-11-17,Dr. John
CATTLE_024630,Pregnant,242,2026-02-04,2025-11-07,Dr. Anita
CATTLE_038490,Not Pregnant,0,,2025-10-24,Dr. John
CATTLE_043701,Not Pregnant,0,,2025-09-22,Dr. Anita
CATTLE_081628,Not Pregnant,0,,2025-10-13,Dr. Smith
CATTLE_103297,Pregnant,143,2026-05-14,2025-11-23,Dr. Patel
CATTLE_120292,Pregnant,94,2026-07-02,2025-11-13,Dr. John
CATTLE_006125,Not Pregnant,0,,2025-11-13,Dr. Smith
CATTLE_205284,Not Pregnant,0,,2025-10-23,Dr. Anita
CATTLE_014439,Pregnant,196,2026-03-22,2025-11-09,Dr. Patel
CATTLE_112759,Not Pregnant,0,,2025-09-27,Dr. Patel
CATTLE_155038,Not Pregnant,0,,2025-11-28,Dr. Anita
CATTLE_163614,Not Pregnant,0,,2025-10-07,Dr. Anita
CATTLE_168089,Not Pregnant,0,,2025-11-02,Dr. Smith
CATTLE_089086,Not Pregnant,0,,2025-12-08,Dr. Smith
CATTLE_178221,Not Pregnant,0,,2025-10-24,Dr. Anita
CATTLE_044623,Not Pregnant,0,,2025-11-01,Dr. Anita
CATTLE_181519,Not Pregnant,0,,2025-10-02,Dr. Smith
CATTLE_110183,Not Pregnant,0,,2025-09-16,Dr. Patel
CATTLE_236011,Not Pregnant,0,,2025-09-28,Dr. Patel
CATTLE_105084,Pregnant,13,2026-09-21,2025-11-14,Dr. John
CATTLE_015231,Pregnant,172,2026-04-15,2025-10-30,Dr. John
CATTLE_001190,Not Pregnant,0,,2025-11-07,Dr. Anita
CATTLE_155434,Pregnant,252,2026-01-25,2025-11-21,Dr. Anita
CATTLE_107705,Not Pregnant,0,,2025-10-19,Dr. Smith
CATTLE_111048,Not Pregnant,0,,2025-09-10,Dr. Anita
CATTLE_068068,Not Pregnant,0,,2025-10-15,Dr. Anita
CATTLE_100474,Not Pregnant,0,,2025-10-10,Dr. Anita
CATTLE_152020,Not Pregnant,0,,2025-09-23,Dr. Smith
CATTLE_199818,Pregnant,256,2026-01-21,2025-12-13,Dr. Patel
CATTLE_068529,Not Pregnant,0,,2025-11-07,Dr. Smith
CATTLE_124988,Not Pregnant,0,,2025-11-25,Dr. John
CATTLE_020282,Not Pregnant,0,,2025-11-25,Dr. Anita
CATTLE_160850,Not Pregnant,0,,2025-11-01,Dr. Smith
CATTLE_125906,Pregnant,8,2026-09-26,2025-11-30,Dr. Smith
CATTLE_093085,Pregnant,3,2026-10-01,2025-11-05,Dr. Anita
CATTLE_012671,Not Pregnant,0,,2025-11-17,Dr. Patel
CATTLE_233663,Not Pregnant,0,,2025-09-28,Dr. John
CATTLE_071255,Not Pregnant,0,,2025-10-24,Dr. Smith
CATTLE_012955,Not Pregnant,0,,2025-12-07,Dr. Smith
CATTLE_101823,Not Pregnant,0,,2025-09-21,Dr. Patel
CATTLE_095829,Not Pregnant,0,,2025-09-17,Dr. Anita
CATTLE_135248,Pregnant,151,2026-05-06,2025-11-14,Dr. Smith
CATTLE_026910,Pregnant,224,2026-02-22,2025-11-26,Dr. John
CATTLE_121177,Not Pregnant,0,,2025-11-03,Dr. John
CATTLE_072157,Pregnant,170,2026-04-17,2025-12-18,Dr. Anita
CATTLE_020622,Pregnant,172,2026-04-15,2025-12-10,Dr. Smith
CATTLE_080046,Not Pregnant,0,,2025-09-17,Dr. Smith
CATTLE_081276,Not Pregnant,0,,2025-11-13,Dr. John
CATTLE_161594,Not Pregnant,0,,2025-11-01,Dr. Smith
CATTLE_194246,Pregnant,108,2026-06-18,2025-12-04,Dr. John
CATTLE_167958,Not Pregnant,0,,2025-10-18,Dr. Anita
CATTLE_057525,Not Pregnant,0,,2025-09-29,Dr. Anita
CATTLE_210119,Pregnant,200,2026-03-18,2025-12-04,Dr. Patel
CATTLE_080722,Not Pregnant,0,,2025-09-28,Dr. Anita
CATTLE_156221,Not Pregnant,0,,2025-09-20,Dr. Smith
CATTLE_230116,Not Pregnant,0,,2025-10-07,Dr. Smith
CATTLE_114917,Not Pregnant,0,,2025-12-04,Dr. Patel
CATTLE_035693,Pregnant,26,2026-09-08,2025-11-10,Dr. John
CATTLE_139738,Not Pregnant,0,,2025-11-14,Dr. Anita
CATTLE_221841,Not Pregnant,0,,2025-10-19,Dr. John
CATTLE_069583,Pregnant,90,2026-07-06,2025-11-21,Dr. Smith
CATTLE_032924,Pregnant,219,2026-02-27,2025-11-24,Dr. Anita
CATTLE_230747,Pregnant,237,2026-02-09,2025-11-28,Dr. John
CATTLE_198762,Not Pregnant,0,,2025-09-24,Dr. Smith
CATTLE_169666,Not Pregnant,0,,2025-11-24,Dr. Anita
CATTLE_229620,Not Pregnant,0,,2025-10-03,Dr. Anita
CATTLE_013859,Pregnant,46,2026-08-19,2025-12-05,Dr. Patel
CATTLE_063094,Not Pregnant,0,,2025-09-27,Dr. Anita
CATTLE_176366,Not Pregnant,0,,2025-09-20,Dr. John
CATTLE_087569,Not Pregnant,0,,2025-09-25,Dr. Patel
CATTLE_125539,Not Pregnant,0,,2025-11-05,Dr. Anita
CATTLE_238784,Not Pregnant,0,,2025-10-10,Dr. Patel
CATTLE_045551,Pregnant,78,2026-07-18,2025-10-31,Dr. John
CATTLE_197862,Not Pregnant,0,,2025-09-18,Dr. John
CATTLE_201860,Not Pregnant,0,,2025-08-30,Dr. Smith
CATTLE_226610,Not Pregnant,0,,2025-09-10,Dr. Anita
CATTLE_044713,Not Pregnant,0,,2025-11-16,Dr. Anita
CATTLE_077888,Not Pregnant,0,,2025-09-25,Dr. Patel
CATTLE_111285,Not Pregnant,0,,2025-10-11,Dr. John
CATTLE_234145,Not Pregnant,0,,2025-09-28,Dr. Anita
CATTLE_207863,Pregnant,248,2026-01-29,2025-12-14,Dr. Smith
CATTLE_007159,Not Pregnant,0,,2025-09-28,Dr. John
CATTLE_044541,Not Pregnant,0,,2025-09-22,Dr. Smith
CATTLE_093833,Not Pregnant,0,,2025-10-24,Dr. Patel
CATTLE_099368,Not Pregnant,0,,2025-10-13,Dr. John
CATTLE_015157,Pregnant,182,2026-04-05,2025-11-05,Dr. Smith
CATTLE_024019,Not Pregnant,0,,2025-10-13,Dr. John
CATTLE_050732,Not Pregnant,0,,2025-12-05,Dr. Patel
CATTLE_195215,Not Pregnant,0,,2025-09-04,Dr. John
CATTLE_171593,Pregnant,119,2026-06-07,2025-11-08,Dr. John
CATTLE_036255,Not Pregnant,0,,2025-11-02,Dr. Smith
CATTLE_117581,Not Pregnant,0,,2025-12-05,Dr. Patel
CATTLE_113099,Not Pregnant,0,,2025-11-21,Dr. Smith
CATTLE_045962,Pregnant,43,2026-08-22,2025-12-13,Dr. John
CATTLE_238700,Pregnant,25,2026-09-09,2025-12-09,Dr. Anita
CATTLE_150968,Not Pregnant,0,,2025-09-30,Dr. John
CATTLE_137693,Not Pregnant,0,,2025-10-08,Dr. Patel
CATTLE_110562,Not Pregnant,0,,2025-09-04,Dr. Anita
CATTLE_066854,Not Pregnant,0,,2025-09-08,Dr. Smith
CATTLE_038972,Not Pregnant,0,,2025-11-06,Dr. John
CATTLE_142670,Not Pregnant,0,,2025-10-25,Dr. John
CATTLE_085240,Not Pregnant,0,,2025-10-09,Dr. Smith
CATTLE_136514,Not Pregnant,0,,2025-11-23,Dr. John
CATTLE_179823,Not Pregnant,0,,2025-09-10,Dr. Anita
CATTLE_029589,Not Pregnant,0,,2025-11-14,Dr. Patel
CATTLE_228036,Pregnant,166,2026-04-21,2025-11-23,Dr. Smith
CATTLE_036217,Not Pregnant,0,,2025-09-21,Dr. Smith
CATTLE_187121,Pregnant,17,2026-09-17,2025-10-29,Dr. Smith
CATTLE_037284,Not Pregnant,0,,2025-11-10,Dr. John
CATTLE_015273,Not Pregnant,0,,2025-11-22,Dr. John
CATTLE_086251,Not Pregnant,0,,2025-09-12,Dr. Patel
CATTLE_045340,Not Pregnant,0,,2025-10-19,Dr. Patel
CATTLE_236644,Not Pregnant,0,,2025-11-04,Dr. Patel
CATTLE_243562,Not Pregnant,0,,2025-10-26,Dr. John
CATTLE_215496,Not Pregnant,0,,2025-10-11,Dr. Anita
CATTLE_237151,Not Pregnant,0,,2025-09-21,Dr. John
CATTLE_155185,Not Pregnant,0,,2025-11-11,Dr. Smith
CATTLE_187249,Not Pregnant,0,,2025-10-12,Dr. Smith
CATTLE_157929,Not Pregnant,0,,2025-11-15,Dr. John
CATTLE_134936,Pregnant,149,2026-05-08,2025-11-03,Dr. Patel
CATTLE_062171,Not Pregnant,0,,2025-11-21,Dr. John
CATTLE_055182,Pregnant,177,2026-04-10,2025-12-11,Dr. Anita
CATTLE_000118,Not Pregnant,0,,2025-11-24,Dr. Smith
CATTLE_011547,Not Pregnant,0,,2025-09-01,Dr. John
CATTLE_202034,Pregnant,201,2026-03-17,2025-11-23,Dr. Patel
CATTLE_127415,Not Pregnant,0,,2025-10-24,Dr. John
CATTLE_056138,Pregnant,160,2026-04-27,2025-11-22,Dr. Patel
CATTLE_108063,Not Pregnant,0,,2025-11-08,Dr. John
CATTLE_126808,Pregnant,192,2026-03-26,2025-11-14,Dr. Anita
CATTLE_215902,Not Pregnant,0,,2025-10-17,Dr. Smith
CATTLE_073123,Not Pregnant,0,,2025-12-02,Dr. Smith
CATTLE_197599,Not Pregnant,0,,2025-11-19,Dr. Patel
CATTLE_030158,Pregnant,164,2026-04-23,2025-12-07,Dr. Smith
CATTLE_133699,Not Pregnant,0,,2025-11-24,Dr. Patel
CATTLE_048289,Pregnant,206,2026-03-12,2025-11-12,Dr. Smith
CATTLE_079599,Pregnant,220,2026-02-26,2025-11-17,Dr. John
CATTLE_195562,Not Pregnant,0,,2025-10-17,Dr. Anita
CATTLE_200804,Pregnant,229,2026-02-17,2025-11-05,Dr. Anita
CATTLE_197738,Not Pregnant,0,,2025-10-26,Dr. Anita
CATTLE_181213,Pregnant,80,2026-07-16,2025-11-03,Dr. Patel
CATTLE_029209,Pregnant,232,2026-02-14,2025-12-05,Dr. John
CATTLE_034791,Not Pregnant,0,,2025-08-31,Dr. John
CATTLE_124864,Not Pregnant,0,,2025-10-09,Dr. Smith
CATTLE_238482,Pregnant,44,2026-08-21,2025-11-20,Dr. Patel
CATTLE_000716,Not Pregnant,0,,2025-10-03,Dr. John
CATTLE_190433,Not Pregnant,0,,2025-10-26,Dr. John
CATTLE_104834,Pregnant,218,2026-02-28,2025-11-26,Dr. Smith
CATTLE_235720,Not Pregnant,0,,2025-10-10,Dr. Patel
CATTLE_157253,Pregnant,25,2026-09-09,2025-11-14,Dr. John
CATTLE_112664,Not Pregnant,0,,2025-11-02,Dr. Anita
CATTLE_106799,Not Pregnant,0,,2025-10-05,Dr. Patel
CATTLE_018564,Pregnant,13,2026-09-21,2025-11-19,Dr. Patel
CATTLE_050993,Not Pregnant,0,,2025-10-11,Dr. John
CATTLE_191417,Not Pregnant,0,,2025-11-30,Dr. Anita
CATTLE_169129,Not Pregnant,0,,2025-09-01,Dr. Patel
CATTLE_013695,Not Pregnant,0,,2025-10-16,Dr. John
CATTLE_125879,Not Pregnant,0,,2025-10-08,Dr. Smith
CATTLE_197500,Not Pregnant,0,,2025-09-10,Dr. Patel
CATTLE_242422,Not Pregnant,0,,2025-09-14,Dr. Patel
CATTLE_173301,Not Pregnant,0,,2025-09-26,Dr. Patel
CATTLE_127849,Not Pregnant,0,,2025-10-10,Dr. Patel
CATTLE_092553,Not Pregnant,0,,2025-11-28,Dr. Anita
CATTLE_046617,Not Pregnant,0,,2025-09-11,Dr. Smith
CATTLE_228549,Not Pregnant,0,,2025-11-13,Dr. Smith
CATTLE_197155,Pregnant,66,2026-07-30,2025-11-05,Dr. Patel
CATTLE_059550,Not Pregnant,0,,2025-10-25,Dr. Patel
CATTLE_080343,Pregnant,66,2026-07-30,2025-11-24,Dr. John
CATTLE_070426,Not Pregnant,0,,2025-10-20,Dr. Patel
CATTLE_072547,Not Pregnant,0,,2025-10-20,Dr. John
CATTLE_100003,Not Pregnant,0,,2025-08-31,Dr. John
CATTLE_071488,Not Pregnant,0,,2025-10-09,Dr. Smith
CATTLE_129630,Pregnant,12,2026-09-22,2025-10-31,Dr. Anita
CATTLE_002681,Not Pregnant,0,,2025-11-11,Dr. Patel
CATTLE_034795,Not Pregnant,0,,2025-09-23,Dr. Smith
CATTLE_180857,Pregnant,213,2026-03-05,2025-11-02,Dr. Anita
CATTLE_032250,Not Pregnant,0,,2025-11-30,Dr. John
CATTLE_088687,Pregnant,227,2026-02-19,2025-11-10,Dr. Smith
CATTLE_031171,Not Pregnant,0,,2025-11-26,Dr. Anita
CATTLE_016701,Not Pregnant,0,,2025-10-02,Dr. John
CATTLE_068332,Not Pregnant,0,,2025-11-20,Dr. John
CATTLE_167806,Not Pregnant,0,,2025-10-30,Dr. Smith
CATTLE_070005,Pregnant,207,2026-03-11,2025-11-25,Dr. Patel
CATTLE_051069,Not Pregnant,0,,2025-11-29,Dr. John
CATTLE_019954,Pregnant,93,2026-07-03,2025-12-05,Dr. Patel
CATTLE_156696,Pregnant,103,2026-06-23,2025-10-29,Dr. Patel
CATTLE_053682,Not Pregnant,0,,2025-11-18,Dr. Patel
CATTLE_229840,Not Pregnant,0,,2025-10-01,Dr. Anita
CATTLE_226452,Pregnant,87,2026-07-09,2025-12-02,Dr. Smith
CATTLE_221607,Not Pregnant,0,,2025-09-26,Dr. Smith
CATTLE_134290,Pregnant,13,2026-09-21,2025-11-05,Dr. John
CATTLE_101252,Not Pregnant,0,,2025-11-16,Dr. John
CATTLE_225727,Not Pregnant,0,,2025-10-23,Dr. Smith
CATTLE_057259,Not Pregnant,0,,2025-09-23,Dr. Smith
CATTLE_091446,Pregnant,56,2026-08-09,2025-12-18,Dr. Smith
CATTLE_177960,Pregnant,110,2026-06-16,2025-12-07,Dr. Anita
CATTLE_122213,Not Pregnant,0,,2025-10-11,Dr. Patel
CATTLE_014152,Pregnant,129,2026-05-28,2025-11-17,Dr. Patel
CATTLE_139722,Not Pregnant,0,,2025-11-08,Dr. Anita
CATTLE_158093,Pregnant,237,2026-02-09,2025-12-16,Dr. Anita
CATTLE_139470,Not Pregnant,0,,2025-09-19,Dr. John
CATTLE_033644,Not Pregnant,0,,2025-11-03,Dr. Patel
CATTLE_146061,Pregnant,5,2026-09-29,2025-12-03,Dr. Anita
CATTLE_108222,Not Pregnant,0,,2025-10-24,Dr. John
CATTLE_009490,Not Pregnant,0,,2025-10-03,Dr. John
CATTLE_049462,Pregnant,245,2026-02-01,2025-11-19,Dr. Anita
CATTLE_236327,Pregnant,65,2026-07-31,2025-12-05,Dr. Smith
CATTLE_213500,Not Pregnant,0,,2025-10-07,Dr. John
CATTLE_093934,Not Pregnant,0,,2025-11-13,Dr. John
CATTLE_243271,Pregnant,165,2026-04-22,2025-11-26,Dr. Smith
CATTLE_142041,Not Pregnant,0,,2025-11-24,Dr. Anita
CATTLE_127081,Not Pregnant,0,,2025-11-29,Dr. Anita
CATTLE_063009,Not Pregnant,0,,2025-11-22,Dr. Patel
CATTLE_098106,Not Pregnant,0,,2025-10-29,Dr. Anita
CATTLE_208048,Not Pregnant,0,,2025-10-22,Dr. Smith
CATTLE_008422,Not Pregnant,0,,2025-11-24,Dr. Patel
CATTLE_152115,Not Pregnant,0,,2025-09-28,Dr. John
CATTLE_080414,Pregnant,9,2026-09-25,2025-11-18,Dr. Smith
CATTLE_022067,Pregnant,139,2026-05-18,2025-11-23,Dr. Patel
CATTLE_018420,Not Pregnant,0,,2025-09-30,Dr. Patel
CATTLE_133289,Not Pregnant,0,,2025-11-03,Dr. Anita
CATTLE_074353,Not Pregnant,0,,2025-10-20,Dr. Anita
CATTLE_029775,Not Pregnant,0,,2025-10-02,Dr. Anita
CATTLE_130107,Pregnant,186,2026-04-01,2025-11-29,Dr. Anita
CATTLE_174307,Not Pregnant,0,,2025-09-02,Dr. Patel
CATTLE_181960,Not Pregnant,0,,2025-11-09,Dr. Smith
CATTLE_008840,Not Pregnant,0,,2025-11-16,Dr. John
CATTLE_188197,Not Pregnant,0,,2025-09-07,Dr. John
CATTLE_179897,Pregnant,72,2026-07-24,2025-12-09,Dr. Smith
CATTLE_216902,Not Pregnant,0,,2025-11-28,Dr. Smith
CATTLE_170436,Pregnant,25,2026-09-09,2025-10-31,Dr. Smith
CATTLE_131447,Not Pregnant,0,,2025-12-05,Dr. Smith
CATTLE_109456,Not Pregnant,0,,2025-10-23,Dr. Anita
CATTLE_221715,Not Pregnant,0,,2025-09-25,Dr. Smith
CATTLE_031890,Not Pregnant,0,,2025-10-03,Dr. Patel
CATTLE_239718,Not Pregnant,0,,2025-09-28,Dr. Anita
CATTLE_216883,Not Pregnant,0,,2025-10-16,Dr. John
CATTLE_022101,Not Pregnant,0,,2025-09-09,Dr. Anita
CATTLE_117925,Pregnant,249,2026-01-28,2025-12-14,Dr. Patel
CATTLE_090938,Not Pregnant,0,,2025-10-09,Dr. Smith
CATTLE_198484,Not Pregnant,0,,2025-11-23,Dr. Anita
CATTLE_044428,Not Pregnant,0,,2025-11-27,Dr. John
CATTLE_013956,Not Pregnant,0,,2025-11-30,Dr. Anita
CATTLE_048473,Not Pregnant,0,,2025-10-02,Dr. Anita
CATTLE_016007,Not Pregnant,0,,2025-10-19,Dr. Smith
CATTLE_167603,Not Pregnant,0,,2025-11-15,Dr. John
CATTLE_104854,Not Pregnant,0,,2025-09-16,Dr. Smith
CATTLE_068610,Not Pregnant,0,,2025-09-25,Dr. Smith
CATTLE_008053,Not Pregnant,0,,2025-10-11,Dr. Smith
CATTLE_071850,Not Pregnant,0,,2025-10-20,Dr. John
CATTLE_053651,Not Pregnant,0,,2025-11-01,Dr. Smith
CATTLE_242113,Not Pregnant,0,,2025-12-06,Dr. John
CATTLE_150468,Not Pregnant,0,,2025-09-01,Dr. Smith
CATTLE_010461,Pregnant,134,2026-05-23,2025-11-29,Dr. Patel
CATTLE_149974,Pregnant,52,2026-08-13,2025-12-08,Dr. Anita
CATTLE_192418,Not Pregnant,0,,2025-09-27,Dr. Smith
CATTLE_176914,Not Pregnant,0,,2025-11-21,Dr. John
CATTLE_165322,Not Pregnant,0,,2025-10-30,Dr. Anita
CATTLE_006275,Not Pregnant,0,,2025-09-09,Dr. Anita
CATTLE_005318,Not Pregnant,0,,2025-11-11,Dr. Patel
CATTLE_059574,Not Pregnant,0,,2025-09-20,Dr. John
CATTLE_083595,Not Pregnant,0,,2025-10-22,Dr. Anita
CATTLE_014534,Pregnant,254,2026-01-23,2025-11-15,Dr. Smith
CATTLE_114982,Pregnant,159,2026-04-28,2025-11-03,Dr. Patel
CATTLE_236307,Not Pregnant,0,,2025-09-18,Dr. John
CATTLE_017337,Not Pregnant,0,,2025-10-21,Dr. Anita
CATTLE_157803,Pregnant,278,2025-12-30,2025-11-08,Dr. John
CATTLE_180502,Not Pregnant,0,,2025-09-14,Dr. Anita
CATTLE_014520,Not Pregnant,0,,2025-09-02,Dr. Smith
CATTLE_061508,Pregnant,96,2026-06-30,2025-12-12,Dr. John
CATTLE_057237,Not Pregnant,0,,2025-11-03,Dr. Anita
CATTLE_215735,Not Pregnant,0,,2025-11-14,Dr. Smith
CATTLE_140575,Not Pregnant,0,,2025-09-07,Dr. Patel
CATTLE_121642,Not Pregnant,0,,2025-09-18,Dr. Anita
CATTLE_104741,Pregnant,142,2026-05-15,2025-12-09,Dr. Anita
CATTLE_042459,Not Pregnant,0,,2025-11-06,Dr. Smith
CATTLE_028574,Pregnant,194,2026-03-24,2025-10-31,Dr. John
CATTLE_132639,Not Pregnant,0,,2025-12-06,Dr. Anita
CATTLE_141516,Not Pregnant,0,,2025-09-02,Dr. Anita
CATTLE_080030,Not Pregnant,0,,2025-09-20,Dr. Patel
CATTLE_219252,Pregnant,205,2026-03-13,2025-12-09,Dr. Smith
CATTLE_113900,Pregnant,109,2026-06-17,2025-12-14,Dr. John
CATTLE_205368,Not Pregnant,0,,2025-11-19,Dr. Anita
CATTLE_230345,Pregnant,252,2026-01-25,2025-11-21,Dr. Patel
CATTLE_240150,Not Pregnant,0,,2025-10-06,Dr. Anita
CATTLE_063223,Not Pregnant,0,,2025-12-02,Dr. Anita
CATTLE_137186,Pregnant,216,2026-03-02,2025-11-15,Dr. Smith
CATTLE_221964,Not Pregnant,0,,2025-10-31,Dr. Patel
CATTLE_126651,Not Pregnant,0,,2025-11-24,Dr. John
CATTLE_132103,Not Pregnant,0,,2025-10-11,Dr. Smith
CATTLE_150983,Not Pregnant,0,,2025-10-26,Dr. Patel
CATTLE_129225,Pregnant,137,2026-05-20,2025-11-17,Dr. John
CATTLE_249717,Pregnant,36,2026-08-29,2025-11-08,Dr. Smith
CATTLE_045451,Pregnant,275,2026-01-02,2025-11-21,Dr. Smith
CATTLE_156705,Not Pregnant,0,,2025-11-01,Dr. Anita
CATTLE_205778,Not Pregnant,0,,2025-10-05,Dr. Smith
CATTLE_216062,Not Pregnant,0,,2025-09-02,Dr. Smith
CATTLE_028698,Pregnant,81,2026-07-15,2025-12-13,Dr. Patel
CATTLE_112296,Not Pregnant,0,,2025-11-20,Dr. Anita
CATTLE_132195,Not Pregnant,0,,2025-12-03,Dr. John
CATTLE_175690,Not Pregnant,0,,2025-10-01,Dr. Smith
CATTLE_148890,Not Pregnant,0,,2025-10-02,Dr. John
CATTLE_075474,Pregnant,184,2026-04-03,2025-11-05,Dr. John
CATTLE_177341,Pregnant,266,2026-01-11,2025-11-28,Dr. Anita
CATTLE_223134,Not Pregnant,0,,2025-10-19,Dr. Smith
CATTLE_102470,Not Pregnant,0,,2025-09-17,Dr. John
CATTLE_013650,Pregnant,59,2026-08-06,2025-11-25,Dr. Patel
CATTLE_237611,Not Pregnant,0,,2025-09-29,Dr. John
CATTLE_068105,Not Pregnant,0,,2025-11-15,Dr. Anita
CATTLE_234949,Pregnant,95,2026-07-01,2025-12-04,Dr. Smith
CATTLE_197705,Not Pregnant,0,,2025-10-25,Dr. Patel
CATTLE_169480,Pregnant,212,2026-03-06,2025-11-05,Dr. Patel
CATTLE_006944,Not Pregnant,0,,2025-11-02,Dr. John
CATTLE_149472,Not Pregnant,0,,2025-10-21,Dr. John
CATTLE_159604,Pregnant,223,2026-02-23,2025-11-04,Dr. Anita
CATTLE_030625,Pregnant,178,2026-04-09,2025-11-13,Dr. Patel
CATTLE_084418,Not Pregnant,0,,2025-09-07,Dr. Smith
CATTLE_234371,Not Pregnant,0,,2025-10-07,Dr. Smith
CATTLE_143051,Not Pregnant,0,,2025-10-12,Dr. Smith
CATTLE_085485,Not Pregnant,0,,2025-10-16,Dr. John
CATTLE_074622,Not Pregnant,0,,2025-11-26,Dr. Patel
CATTLE_079615,Pregnant,174,2026-04-13,2025-11-22,Dr. John
CATTLE_146519,Not Pregnant,0,,2025-09-02,Dr. John
CATTLE_128065,Not Pregnant,0,,2025-12-08,Dr. Patel
CATTLE_195041,Pregnant,182,2026-04-05,2025-12-17,Dr. Anita
CATTLE_111254,Pregnant,105,2026-06-21,2025-11-02,Dr. John
CATTLE_134511,Not Pregnant,0,,2025-09-09,Dr. Patel
CATTLE_206690,Not Pregnant,0,,2025-12-03,Dr. John
CATTLE_168699,Not Pregnant,0,,2025-09-09,Dr. John
CATTLE_045295,Pregnant,231,2026-02-15,2025-12-06,Dr. John
CATTLE_060673,Pregnant,105,2026-06-21,2025-11-03,Dr. Patel
CATTLE_113706,Pregnant,2,2026-10-02,2025-12-12,Dr. Patel
CATTLE_204763,Pregnant,116,2026-06-10,2025-12-01,Dr. Patel
CATTLE_085711,Pregnant,220,2026-02-26,2025-12-02,Dr. Smith
CATTLE_031753,Not Pregnant,0,,2025-12-06,Dr. Smith
CATTLE_219278,Not Pregnant,0,,2025-10-07,Dr. John
CATTLE_189702,Not Pregnant,0,,2025-10-01,Dr. Anita
CATTLE_187778,Not Pregnant,0,,2025-09-18,Dr. Smith
CATTLE_179571,Not Pregnant,0,,2025-10-07,Dr. Patel
CATTLE_159203,Pregnant,79,2026-07-17,2025-12-04,Dr. Anita
CATTLE_187528,Pregnant,90,2026-07-06,2025-11-13,Dr. Patel
CATTLE_037768,Pregnant,203,2026-03-15,2025-12-10,Dr. Anita
CATTLE_230731,Pregnant,44,2026-08-21,2025-12-02,Dr. John
CATTLE_058338,Not Pregnant,0,,2025-09-17,Dr. Smith
CATTLE_145204,Not Pregnant,0,,2025-09-28,Dr. John
CATTLE_040533,Not Pregnant,0,,2025-10-08,Dr. Anita
CATTLE_106093,Not Pregnant,0,,2025-11-26,Dr. John
CATTLE_187187,Not Pregnant,0,,2025-11-01,Dr. Smith
CATTLE_042889,Not Pregnant,0,,2025-10-13,Dr. Patel
CATTLE_080915,Not Pregnant,0,,2025-10-30,Dr. Patel
CATTLE_015396,Not Pregnant,0,,2025-10-16,Dr. Anita
CATTLE_166481,Pregnant,262,2026-01-15,2025-11-27,Dr. Anita
CATTLE_048349,Not Pregnant,0,,2025-12-05,Dr. Smith
CATTLE_004511,Pregnant,10,2026-09-24,2025-11-11,Dr. Anita
CATTLE_153052,Pregnant,138,2026-05-19,2025-11-16,Dr. John
CATTLE_186121,Not Pregnant,0,,2025-09-22,Dr. Anita
CATTLE_103774,Not Pregnant,0,,2025-09-28,Dr. Smith
CATTLE_160872,Pregnant,181,2026-04-06,2025-11-21,Dr. John
CATTLE_168765,Not Pregnant,0,,2025-11-03,Dr. Smith
CATTLE_222730,Not Pregnant,0,,2025-11-21,Dr. John
CATTLE_163114,Pregnant,117,2026-06-09,2025-11-13,Dr. Anita
CATTLE_184147,Pregnant,105,2026-06-21,2025-12-17,Dr. John
CATTLE_229286,Not Pregnant,0,,2025-11-08,Dr. Anita
CATTLE_090532,Not Pregnant,0,,2025-12-08,Dr. John
CATTLE_134076,Pregnant,57,2026-08-08,2025-10-30,Dr. Smith
CATTLE_049715,Pregnant,216,2026-03-02,2025-12-03,Dr. Patel
CATTLE_228360,Not Pregnant,0,,2025-08-30,Dr. John
CATTLE_167325,Not Pregnant,0,,2025-11-15,Dr. Patel
CATTLE_049312,Not Pregnant,0,,2025-11-17,Dr. Patel
CATTLE_039580,Not Pregnant,0,,2025-11-05,Dr. John
CATTLE_030382,Not Pregnant,0,,2025-10-16,Dr. John
CATTLE_243873,Not Pregnant,0,,2025-11-15,Dr. John
CATTLE_036852,Not Pregnant,0,,2025-11-30,Dr. Anita
CATTLE_248584,Not Pregnant,0,,2025-11-07,Dr. Patel
CATTLE_062048,Not Pregnant,0,,2025-11-07,Dr. John
CATTLE_060746,Not Pregnant,0,,2025-11-03,Dr. John
CATTLE_086585,Not Pregnant,0,,2025-09-09,Dr. Smith
CATTLE_216275,Not Pregnant,0,,2025-12-08,Dr. Patel
CATTLE_187861,Not Pregnant,0,,2025-10-16,Dr. Anita
CATTLE_124224,Not Pregnant,0,,2025-12-01,Dr. Patel
CATTLE_148176,Not Pregnant,0,,2025-10-04,Dr. Anita
CATTLE_138997,Pregnant,81,2026-07-15,2025-12-08,Dr. Anita
CATTLE_144805,Not Pregnant,0,,2025-10-20,Dr. John
CATTLE_226857,Pregnant,262,2026-01-15,2025-11-06,Dr. Patel
CATTLE_039647,Not Pregnant,0,,2025-12-08,Dr. Anita
CATTLE_011012,Not Pregnant,0,,2025-10-03,Dr. Patel
CATTLE_183212,Not Pregnant,0,,2025-09-12,Dr. Patel
CATTLE_025555,Not Pregnant,0,,2025-09-28,Dr. Anita
CATTLE_017979,Not Pregnant,0,,2025-10-23,Dr. Anita
CATTLE_070356,Not Pregnant,0,,2025-09-21,Dr. Smith
CATTLE_030968,Not Pregnant,0,,2025-09-04,Dr. Anita
CATTLE_109547,Not Pregnant,0,,2025-09-02,Dr. John
CATTLE_100863,Not Pregnant,0,,2025-12-05,Dr. Patel
CATTLE_178375,Pregnant,220,2026-02-26,2025-11-30,Dr. Anita
CATTLE_040794,Not Pregnant,0,,2025-09-20,Dr. Smith
CATTLE_127995,Not Pregnant,0,,2025-09-21,Dr. John
CATTLE_226514,Pregnant,175,2026-04-12,2025-12-08,Dr. Anita
CATTLE_052937,Not Pregnant,0,,2025-12-03,Dr. Smith
CATTLE_185670,Not Pregnant,0,,2025-10-11,Dr. John
CATTLE_016281,Pregnant,261,2026-01-16,2025-11-25,Dr. Patel
CATTLE_071453,Not Pregnant,0,,2025-11-30,Dr. Patel
CATTLE_227082,Pregnant,256,2026-01-21,2025-11-01,Dr. John
CATTLE_245062,Not Pregnant,0,,2025-11-25,Dr. John
CATTLE_039937,Not Pregnant,0,,2025-10-01,Dr. John
CATTLE_081229,Not Pregnant,0,,2025-09-25,Dr. Anita
CATTLE_198702,Not Pregnant,0,,2025-10-31,Dr. John
CATTLE_056256,Not Pregnant,0,,2025-09-05,Dr. Patel
CATTLE_191123,Not Pregnant,0,,2025-09-07,Dr. Patel
CATTLE_204709,Not Pregnant,0,,2025-10-27,Dr. Anita
CATTLE_140603,Pregnant,259,2026-01-18,2025-11-18,Dr. Anita
CATTLE_185330,Not Pregnant,0,,2025-11-03,Dr. Smith
CATTLE_167540,Not Pregnant,0,,2025-09-07,Dr. Anita
CATTLE_103784,Not Pregnant,0,,2025-11-21,Dr. Patel
CATTLE_087193,Not Pregnant,0,,2025-12-04,Dr. Anita
CATTLE_118219,Not Pregnant,0,,2025-11-15,Dr. John
CATTLE_085851,Not Pregnant,0,,2025-11-26,Dr. Patel
CATTLE_208365,Not Pregnant,0,,2025-10-27,Dr. John
CATTLE_107623,Not Pregnant,0,,2025-11-16,Dr. Patel
CATTLE_216294,Not Pregnant,0,,2025-11-14,Dr. Anita
CATTLE_006293,Pregnant,211,2026-03-07,2025-12-03,Dr. Smith
CATTLE_121000,Not Pregnant,0,,2025-11-15,Dr. John
CATTLE_054835,Not Pregnant,0,,2025-09-16,Dr. Patel
CATTLE_098243,Pregnant,271,2026-01-06,2025-12-18,Dr. Patel
CATTLE_070297,Pregnant,113,2026-06-13,2025-11-16,Dr. Anita
CATTLE_106242,Pregnant,5,2026-09-29,2025-12-10,Dr. Anita
CATTLE_204349,Pregnant,37,2026-08-28,2025-12-02,Dr. John
CATTLE_086283,Not Pregnant,0,,2025-09-14,Dr. Patel
CATTLE_224515,Not Pregnant,0,,2025-09-08,Dr. Patel
CATTLE_247287,Not Pregnant,0,,2025-10-28,Dr. John
CATTLE_093971,Pregnant,72,2026-07-24,2025-11-26,Dr. Patel
CATTLE_066401,Not Pregnant,0,,2025-12-08,Dr. Smith
CATTLE_174642,Not Pregnant,0,,2025-10-18,Dr. Smith
CATTLE_083580,Not Pregnant,0,,2025-09-24,Dr. Anita
CATTLE_091189,Pregnant,165,2026-04-22,2025-11-03,Dr. Smith
CATTLE_033204,Pregnant,62,2026-08-03,2025-11-30,Dr. Smith
CATTLE_192298,Not Pregnant,0,,2025-10-25,Dr. John
CATTLE_084309,Not Pregnant,0,,2025-10-16,Dr. John
CATTLE_023356,Not Pregnant,0,,2025-11-16,Dr. John
CATTLE_060648,Not Pregnant,0,,2025-11-23,Dr. Smith
CATTLE_164152,Pregnant,244,2026-02-02,2025-11-02,Dr. Patel
CATTLE_225970,Not Pregnant,0,,2025-09-20,Dr. Smith
CATTLE_213159,Not Pregnant,0,,2025-09-17,Dr. Smith
CATTLE_170376,Not Pregnant,0,,2025-11-25,Dr. Anita
CATTLE_077203,Not Pregnant,0,,2025-09-21,Dr. Patel
CATTLE_039260,Not Pregnant,0,,2025-09-02,Dr. John
CATTLE_225188,Not Pregnant,0,,2025-09-10,Dr. Patel
CATTLE_151502,Pregnant,41,2026-08-24,2025-11-21,Dr. Smith
CATTLE_073925,Not Pregnant,0,,2025-11-09,Dr. Patel
CATTLE_049121,Not Pregnant,0,,2025-11-11,Dr. Patel
CATTLE_182428,Not Pregnant,0,,2025-10-06,Dr. Smith
CATTLE_139585,Not Pregnant,0,,2025-09-08,Dr. Anita
CATTLE_106476,Not Pregnant,0,,2025-09-03,Dr. Patel
CATTLE_029414,Pregnant,179,2026-04-08,2025-12-09,Dr. Smith
CATTLE_137195,Not Pregnant,0,,2025-12-02,Dr. Anita
CATTLE_017707,Not Pregnant,0,,2025-11-26,Dr. Smith
CATTLE_010764,Pregnant,271,2026-01-06,2025-12-08,Dr. Anita
CATTLE_183323,Not Pregnant,0,,2025-11-04,Dr. Patel
CATTLE_015068,Not Pregnant,0,,2025-11-24,Dr. Anita
CATTLE_212268,Not Pregnant,0,,2025-09-25,Dr. Patel
CATTLE_132695,Not Pregnant,0,,2025-09-28,Dr. Patel
CATTLE_171083,Pregnant,115,2026-06-11,2025-11-08,Dr. Anita
CATTLE_241997,Not Pregnant,0,,2025-11-22,Dr. Patel
CATTLE_048655,Not Pregnant,0,,2025-09-04,Dr. John
CATTLE_014623,Not Pregnant,0,,2025-11-20,Dr. Patel
CATTLE_235701,Not Pregnant,0,,2025-09-08,Dr. John
CATTLE_233852,Not Pregnant,0,,2025-10-22,Dr. John
CATTLE_168128,Not Pregnant,0,,2025-10-12,Dr. John
CATTLE_234723,Pregnant,88,2026-07-08,2025-11-03,Dr. Smith
CATTLE_080327,Not Pregnant,0,,2025-11-28,Dr. Smith
CATTLE_020578,Not Pregnant,0,,2025-09-11,Dr. Anita
CATTLE_098856,Not Pregnant,0,,2025-10-24,Dr. John
CATTLE_145031,Pregnant,138,2026-05-19,2025-11-05,Dr. Patel
CATTLE_155282,Not Pregnant,0,,2025-09-04,Dr. John
CATTLE_139763,Not Pregnant,0,,2025-10-03,Dr. Smith
CATTLE_170245,Pregnant,177,2026-04-10,2025-11-05,Dr. Anita
CATTLE_153320,Not Pregnant,0,,2025-09-09,Dr. Patel
CATTLE_110412,Not Pregnant,0,,2025-10-12,Dr. Smith
CATTLE_155132,Not Pregnant,0,,2025-11-20,Dr. Patel
CATTLE_053330,Pregnant,200,2026-03-18,2025-10-31,Dr. Anita
CATTLE_209736,Pregnant,172,2026-04-15,2025-12-18,Dr. Smith
CATTLE_001198,Pregnant,31,2026-09-03,2025-11-04,Dr. John
CATTLE_223994,Pregnant,46,2026-08-19,2025-12-18,Dr. Smith
CATTLE_119670,Not Pregnant,0,,2025-10-26,Dr. Smith
CATTLE_043274,Not Pregnant,0,,2025-11-19,Dr. Smith
CATTLE_079641,Pregnant,275,2026-01-02,2025-11-07,Dr. Smith
CATTLE_055025,Pregnant,119,2026-06-07,2025-11-24,Dr. Anita
CATTLE_077298,Not Pregnant,0,,2025-09-24,Dr. Anita
CATTLE_127553,Not Pregnant,0,,2025-10-25,Dr. Anita
CATTLE_094389,Not Pregnant,0,,2025-09-26,Dr. Smith
CATTLE_090522,Not Pregnant,0,,2025-09-20,Dr. Smith
CATTLE_053618,Not Pregnant,0,,2025-11-10,Dr. Patel
CATTLE_179533,Not Pregnant,0,,2025-10-13,Dr. Patel
CATTLE_224638,Not Pregnant,0,,2025-09-15,Dr. Anita
CATTLE_217057,Not Pregnant,0,,2025-09-27,Dr. Smith
CATTLE_246426,Pregnant,266,2026-01-11,2025-12-05,Dr. Patel
CATTLE_113637,Not Pregnant,0,,2025-10-29,Dr. John
CATTLE_104368,Not Pregnant,0,,2025-11-28,Dr. Patel
CATTLE_241812,Pregnant,161,2026-04-26,2025-12-02,Dr. Smith
CATTLE_001500,Not Pregnant,0,,2025-10-27,Dr. Smith
CATTLE_240521,Not Pregnant,0,,2025-12-07,Dr. Smith
CATTLE_176250,Pregnant,164,2026-04-23,2025-12-01,Dr. Anita
CATTLE_112358,Not Pregnant,0,,2025-10-11,Dr. Anita
CATTLE_101012,Pregnant,152,2026-05-05,2025-11-05,Dr. Anita
CATTLE_144636,Not Pregnant,0,,2025-10-15,Dr. Patel
CATTLE_083466,Not Pregnant,0,,2025-09-16,Dr. Patel
CATTLE_146136,Not Pregnant,0,,2025-10-28,Dr. Patel
CATTLE_043531,Not Pregnant,0,,2025-09-24,Dr. Smith
CATTLE_201505,Not Pregnant,0,,2025-09-24,Dr. Anita
CATTLE_155773,Not Pregnant,0,,2025-09-21,Dr. Patel
CATTLE_053105,Pregnant,232,2026-02-14,2025-11-30,Dr. Patel
CATTLE_055625,Not Pregnant,0,,2025-11-01,Dr. Patel
CATTLE_223686,Not Pregnant,0,,2025-09-05,Dr. Patel
CATTLE_070268,Not Pregnant,0,,2025-09-13,Dr. Anita
CATTLE_050208,Not Pregnant,0,,2025-10-14,Dr. Smith
CATTLE_034482,Pregnant,191,2026-03-27,2025-11-19,Dr. Anita
CATTLE_236321,Pregnant,222,2026-02-24,2025-12-05,Dr. Smith
CATTLE_087998,Not Pregnant,0,,2025-11-20,Dr. Anita
CATTLE_205302,Not Pregnant,0,,2025-10-06,Dr. Smith
CATTLE_190801,Pregnant,260,2026-01-17,2025-11-02,Dr. Patel
CATTLE_194950,Not Pregnant,0,,2025-10-23,Dr. Smith
CATTLE_115340,Not Pregnant,0,,2025-11-02,Dr. Patel
CATTLE_166211,Not Pregnant,0,,2025-10-11,Dr. Patel
CATTLE_216331,Not Pregnant,0,,2025-10-13,Dr. Smith
CATTLE_173091,Pregnant,61,2026-08-04,2025-11-28,Dr. Anita
CATTLE_224285,Not Pregnant,0,,2025-09-20,Dr. Smith
CATTLE_196521,Not Pregnant,0,,2025-10-21,Dr. Anita
CATTLE_046348,Not Pregnant,0,,2025-10-19,Dr. Patel
CATTLE_177752,Pregnant,106,2026-06-20,2025-12-18,Dr. Smith
CATTLE_157745,Pregnant,85,2026-07-11,2025-12-01,Dr. Smith
CATTLE_073246,Not Pregnant,0,,2025-09-22,Dr. John
CATTLE_152676,Not Pregnant,0,,2025-09-11,Dr. Smith
CATTLE_144751,Pregnant,16,2026-09-18,2025-10-30,Dr. Patel
CATTLE_104099,Pregnant,9,2026-09-25,2025-11-17,Dr. John
CATTLE_027955,Not Pregnant,0,,2025-09-17,Dr. John
CATTLE_055971,Not Pregnant,0,,2025-11-22,Dr. Patel
CATTLE_027460,Not Pregnant,0,,2025-12-03,Dr. Smith
CATTLE_162562,Pregnant,144,2026-05-13,2025-11-08,Dr. Anita
CATTLE_179916,Not Pregnant,0,,2025-11-26,Dr. Patel
CATTLE_171608,Pregnant,148,2026-05-09,2025-12-11,Dr. Anita
CATTLE_079075,Not Pregnant,0,,2025-09-30,Dr. Anita
CATTLE_136317,Pregnant,171,2026-04-16,2025-11-22,Dr. Smith
CATTLE_016603,Not Pregnant,0,,2025-10-26,Dr. Patel
CATTLE_144695,Pregnant,85,2026-07-11,2025-12-13,Dr. John
CATTLE_099905,Not Pregnant,0,,2025-11-18,Dr. John
CATTLE_098450,Not Pregnant,0,,2025-12-06,Dr. Anita
CATTLE_206736,Not Pregnant,0,,2025-10-03,Dr. Smith
CATTLE_135153,Not Pregnant,0,,2025-10-20,Dr. John
CATTLE_216478,Pregnant,153,2026-05-04,2025-11-26,Dr. Patel
CATTLE_158799,Pregnant,233,2026-02-13,2025-12-11,Dr. John
CATTLE_174776,Pregnant,180,2026-04-07,2025-11-12,Dr. Smith
CATTLE_131771,Not Pregnant,0,,2025-12-06,Dr. Smith
CATTLE_058299,Pregnant,32,2026-09-02,2025-11-20,Dr. Patel
CATTLE_156653,Not Pregnant,0,,2025-09-22,Dr. Anita
CATTLE_025216,Not Pregnant,0,,2025-09-11,Dr. Anita
CATTLE_157899,Not Pregnant,0,,2025-10-17,Dr. Anita
CATTLE_120177,Not Pregnant,0,,2025-09-19,Dr. Anita
CATTLE_131959,Not Pregnant,0,,2025-09-18,Dr. John
CATTLE_130361,Pregnant,125,2026-06-01,2025-11-21,Dr. Patel
CATTLE_191731,Pregnant,179,2026-04-08,2025-11-27,Dr. John
CATTLE_040420,Not Pregnant,0,,2025-10-14,Dr. Smith
CATTLE_068061,Not Pregnant,0,,2025-11-26,Dr. Anita
CATTLE_230516,Pregnant,7,2026-09-27,2025-11-20,Dr. Smith
CATTLE_010439,Not Pregnant,0,,2025-11-14,Dr. Patel
CATTLE_074318,Not Pregnant,0,,2025-10-08,Dr. Anita
CATTLE_122725,Not Pregnant,0,,2025-12-02,Dr. Patel
CATTLE_055975,Not Pregnant,0,,2025-10-06,Dr. Patel
CATTLE_216675,Not Pregnant,0,,2025-09-25,Dr. Smith
CATTLE_091342,Not Pregnant,0,,2025-09-06,Dr. John
CATTLE_012170,Not Pregnant,0,,2025-11-11,Dr. Anita
CATTLE_245457,Not Pregnant,0,,2025-11-29,Dr. Anita
CATTLE_224545,Not Pregnant,0,,2025-10-22,Dr. John
CATTLE_148322,Not Pregnant,0,,2025-11-01,Dr. John
CATTLE_152598,Not Pregnant,0,,2025-12-02,Dr. Anita
CATTLE_065699,Not Pregnant,0,,2025-11-19,Dr. Smith
CATTLE_207740,Not Pregnant,0,,2025-11-21,Dr. John
CATTLE_245043,Not Pregnant,0,,2025-10-25,Dr. Patel
CATTLE_136023,Pregnant,162,2026-04-25,2025-12-05,Dr. Patel
CATTLE_126633,Not Pregnant,0,,2025-10-23,Dr. Anita
CATTLE_025769,Not Pregnant,0,,2025-11-15,Dr. Patel
CATTLE_013837,Pregnant,146,2026-05-11,2025-12-15,Dr. Patel
CATTLE_023318,Not Pregnant,0,,2025-12-05,Dr. Anita
CATTLE_035158,Not Pregnant,0,,2025-11-19,Dr. Anita
CATTLE_032435,Not Pregnant,0,,2025-09-06,Dr. John
CATTLE_140733,Pregnant,177,2026-04-10,2025-11-19,Dr. John
CATTLE_201243,Pregnant,266,2026-01-11,2025-11-12,Dr. John
CATTLE_244679,Not Pregnant,0,,2025-09-08,Dr. John
CATTLE_153587,Not Pregnant,0,,2025-10-18,Dr. Smith
CATTLE_190271,Not Pregnant,0,,2025-09-23,Dr. Patel
CATTLE_157461,Not Pregnant,0,,2025-12-05,Dr. John
CATTLE_016350,Not Pregnant,0,,2025-11-06,Dr. John
CATTLE_108700,Not Pregnant,0,,2025-09-27,Dr. Smith
CATTLE_092499,Not Pregnant,0,,2025-11-09,Dr. Patel
CATTLE_229442,Not Pregnant,0,,2025-10-27,Dr. Patel
CATTLE_109061,Not Pregnant,0,,2025-10-30,Dr. Anita
CATTLE_079696,Not Pregnant,0,,2025-09-30,Dr. Patel
CATTLE_240597,Not Pregnant,0,,2025-11-05,Dr. John
CATTLE_026044,Not Pregnant,0,,2025-12-07,Dr. Anita
CATTLE_067045,Not Pregnant,0,,2025-11-22,Dr. Patel
CATTLE_092102,Not Pregnant,0,,2025-11-25,Dr. John
CATTLE_054550,Not Pregnant,0,,2025-11-13,Dr. Anita
CATTLE_237243,Pregnant,114,2026-06-12,2025-12-13,Dr. Smith
CATTLE_164684,Not Pregnant,0,,2025-11-22,Dr. John
CATTLE_164500,Not Pregnant,0,,2025-11-10,Dr. Anita
CATTLE_023241,Not Pregnant,0,,2025-09-12,Dr. Anita
CATTLE_015126,Not Pregnant,0,,2025-10-29,Dr. John
CATTLE_246415,Pregnant,211,2026-03-07,2025-11-05,Dr. John
CATTLE_090496,Pregnant,167,2026-04-20,2025-12-11,Dr. Smith
CATTLE_119954,Not Pregnant,0,,2025-10-11,Dr. Anita
CATTLE_221508,Not Pregnant,0,,2025-11-05,Dr. Patel
CATTLE_034692,Not Pregnant,0,,2025-10-23,Dr. Anita
CATTLE_001186,Pregnant,69,2026-07-27,2025-11-22,Dr. Anita
CATTLE_039899,Pregnant,162,2026-04-25,2025-11-14,Dr. Patel
CATTLE_045555,Not Pregnant,0,,2025-09-02,Dr. Anita
CATTLE_039422,Not Pregnant,0,,2025-11-05,Dr. Smith
CATTLE_090399,Pregnant,212,2026-03-06,2025-11-10,Dr. Smith
CATTLE_244678,Not Pregnant,0,,2025-10-06,Dr. Patel
CATTLE_079082,Not Pregnant,0,,2025-09-11,Dr. John
CATTLE_066722,Pregnant,276,2026-01-01,2025-11-13,Dr. Smith
CATTLE_177729,Not Pregnant,0,,2025-10-09,Dr. John
CATTLE_135705,Not Pregnant,0,,2025-11-03,Dr. Patel
CATTLE_000796,Not Pregnant,0,,2025-10-04,Dr. Anita
CATTLE_003695,Not Pregnant,0,,2025-11-04,Dr. Patel
CATTLE_128554,Not Pregnant,0,,2025-11-21,Dr. Anita
CATTLE_138413,Pregnant,251,2026-01-26,2025-11-17,Dr. John
CATTLE_084559,Pregnant,41,2026-08-24,2025-11-13,Dr. Smith
CATTLE_145903,Not Pregnant,0,,2025-09-17,Dr. Patel
CATTLE_216244,Not Pregnant,0,,2025-10-23,Dr. Smith
CATTLE_230929,Pregnant,7,2026-09-27,2025-11-29,Dr. Patel
CATTLE_026491,Not Pregnant,0,,2025-11-05,Dr. Patel
CATTLE_149977,Not Pregnant,0,,2025-09-04,Dr. Smith
CATTLE_078745,Not Pregnant,0,,2025-09-22,Dr. Patel
CATTLE_017968,Pregnant,90,2026-07-06,2025-12-17,Dr. Smith
CATTLE_053300,Not Pregnant,0,,2025-11-12,Dr. Smith
CATTLE_014709,Not Pregnant,0,,2025-12-08,Dr. Patel
CATTLE_178884,Not Pregnant,0,,2025-10-07,Dr. Patel
CATTLE_104911,Not Pregnant,0,,2025-10-10,Dr. Smith
CATTLE_109632,Not Pregnant,0,,2025-10-01,Dr. Anita
CATTLE_148940,Not Pregnant,0,,2025-10-27,Dr. Smith
CATTLE_046111,Not Pregnant,0,,2025-09-02,Dr. Anita
CATTLE_043458,Not Pregnant,0,,2025-12-05,Dr. John
CATTLE_095207,Not Pregnant,0,,2025-09-09,Dr. Patel
CATTLE_077444,Not Pregnant,0,,2025-12-07,Dr. John
CATTLE_249382,Pregnant,135,2026-05-22,2025-12-06,Dr. Patel
CATTLE_243239,Not Pregnant,0,,2025-10-13,Dr. Smith
CATTLE_036962,Not Pregnant,0,,2025-10-19,Dr. John
CATTLE_082859,Not Pregnant,0,,2025-11-10,Dr. John
CATTLE_070138,Pregnant,92,2026-07-04,2025-12-06,Dr. John
CATTLE_141998,Not Pregnant,0,,2025-10-07,Dr. John
CATTLE_055772,Not Pregnant,0,,2025-11-19,Dr. Smith
CATTLE_080424,Not Pregnant,0,,2025-11-30,Dr. Smith
CATTLE_018382,Pregnant,50,2026-08-15,2025-11-04,Dr. Smith
CATTLE_170859,Pregnant,88,2026-07-08,2025-12-10,Dr. Patel
CATTLE_115700,Not Pregnant,0,,2025-11-13,Dr. Smith
CATTLE_248408,Not Pregnant,0,,2025-12-04,Dr. Smith
CATTLE_028242,Pregnant,10,2026-09-24,2025-11-25,Dr. John
CATTLE_128108,Not Pregnant,0,,2025-09-18,Dr. Anita
CATTLE_096796,Not Pregnant,0,,2025-11-12,Dr. John
CATTLE_006577,Not Pregnant,0,,2025-09-19,Dr. John
CATTLE_008940,Not Pregnant,0,,2025-08-31,Dr. Smith
CATTLE_022734,Not Pregnant,0,,2025-09-16,Dr. Anita
CATTLE_060036,Not Pregnant,0,,2025-09-24,Dr. Anita
CATTLE_132462,Not Pregnant,0,,2025-11-13,Dr. John
CATTLE_135229,Not Pregnant,0,,2025-10-28,Dr. Patel
CATTLE_196388,Pregnant,2,2026-10-02,2025-11-30,Dr. Anita
CATTLE_075106,Not Pregnant,0,,2025-11-23,Dr. Smith
CATTLE_189845,Pregnant,225,2026-02-21,2025-12-15,Dr. Anita
CATTLE_001636,Pregnant,39,2026-08-26,2025-11-05,Dr. Smith
CATTLE_012119,Not Pregnant,0,,2025-10-11,Dr. Smith
CATTLE_161857,Pregnant,223,2026-02-23,2025-11-12,Dr. Patel
CATTLE_072209,Not Pregnant,0,,2025-09-08,Dr. Smith
CATTLE_141647,Not Pregnant,0,,2025-12-06,Dr. Anita
CATTLE_100241,Pregnant,16,2026-09-18,2025-12-07,Dr. Anita
CATTLE_242889,Pregnant,224,2026-02-22,2025-11-08,Dr. Patel
CATTLE_104683,Not Pregnant,0,,2025-11-28,Dr. Anita
CATTLE_046342,Not Pregnant,0,,2025-09-02,Dr. Patel
CATTLE_101574,Pregnant,162,2026-04-25,2025-12-14,Dr. Anita
CATTLE_000257,Not Pregnant,0,,2025-10-13,Dr. Anita
CATTLE_150897,Pregnant,23,2026-09-11,2025-12-15,Dr. Smith
CATTLE_057359,Not Pregnant,0,,2025-10-28,Dr. Smith
CATTLE_235680,Pregnant,194,2026-03-24,2025-11-04,Dr. John
CATTLE_088058,Not Pregnant,0,,2025-10-31,Dr. John
CATTLE_225997,Not Pregnant,0,,2025-10-01,Dr. John
CATTLE_134232,Pregnant,119,2026-06-07,2025-10-31,Dr. Smith
CATTLE_244434,Not Pregnant,0,,2025-10-05,Dr. Patel
CATTLE_094886,Pregnant,230,2026-02-16,2025-12-16,Dr. Smith
CATTLE_042782,Pregnant,143,2026-05-14,2025-12-14,Dr. John
CATTLE_062548,Not Pregnant,0,,2025-09-24,Dr. John
CATTLE_232370,Not Pregnant,0,,2025-10-13,Dr. Anita
CATTLE_247505,Pregnant,78,2026-07-18,2025-12-10,Dr. Smith
CATTLE_156532,Not Pregnant,0,,2025-11-28,Dr. John
CATTLE_231894,Pregnant,11,2026-09-23,2025-12-03,Dr. Smith
CATTLE_055303,Pregnant,127,2026-05-30,2025-12-16,Dr. Smith
CATTLE_130212,Not Pregnant,0,,2025-10-29,Dr. Patel
CATTLE_193550,Not Pregnant,0,,2025-12-08,Dr. Patel
CATTLE_227364,Not Pregnant,0,,2025-11-14,Dr. John
CATTLE_100380,Not Pregnant,0,,2025-11-30,Dr. John
CATTLE_043688,Not Pregnant,0,,2025-11-02,Dr. Smith
CATTLE_173720,Not Pregnant,0,,2025-10-02,Dr. Patel
CATTLE_153981,Not Pregnant,0,,2025-09-10,Dr. Smith
CATTLE_188072,Not Pregnant,0,,2025-09-20,Dr. Smith
CATTLE_248027,Pregnant,73,2026-07-23,2025-10-31,Dr. Anita
CATTLE_055392,Not Pregnant,0,,2025-11-28,Dr. Patel
CATTLE_104944,Not Pregnant,0,,2025-09-22,Dr. Smith
CATTLE_244039,Pregnant,263,2026-01-14,2025-10-29,Dr. Smith
CATTLE_191301,Pregnant,60,2026-08-05,2025-11-16,Dr. Anita
CATTLE_204137,Not Pregnant,0,,2025-10-29,Dr. Patel
CATTLE_081019,Not Pregnant,0,,2025-10-11,Dr. Patel
CATTLE_196976,Not Pregnant,0,,2025-09-29,Dr. Smith
CATTLE_070901,Not Pregnant,0,,2025-11-16,Dr. Patel
CATTLE_092315,Not Pregnant,0,,2025-11-27,Dr. John
CATTLE_050551,Pregnant,224,2026-02-22,2025-11-21,Dr. Smith
CATTLE_182028,Not Pregnant,0,,2025-10-13,Dr. Patel
CATTLE_148222,Pregnant,67,2026-07-29,2025-11-13,Dr. John
CATTLE_162663,Not Pregnant,0,,2025-10-05,Dr. Anita
CATTLE_246472,Not Pregnant,0,,2025-10-27,Dr. Patel
CATTLE_052031,Pregnant,117,2026-06-09,2025-12-07,Dr. Patel
CATTLE_029465,Not Pregnant,0,,2025-10-29,Dr. John
CATTLE_049406,Pregnant,267,2026-01-10,2025-11-02,Dr. Anita
CATTLE_157437,Not Pregnant,0,,2025-10-02,Dr. Anita
CATTLE_204497,Not Pregnant,0,,2025-08-30,Dr. Patel
CATTLE_122740,Pregnant,145,2026-05-12,2025-10-31,Dr. Smith
CATTLE_080372,Not Pregnant,0,,2025-10-17,Dr. Anita
CATTLE_122599,Not Pregnant,0,,2025-11-17,Dr. Anita
CATTLE_193038,Not Pregnant,0,,2025-11-02,Dr. Smith
CATTLE_169970,Not Pregnant,0,,2025-11-28,Dr. John
CATTLE_170627,Not Pregnant,0,,2025-09-11,Dr. John
CATTLE_051514,Not Pregnant,0,,2025-09-25,Dr. Anita
CATTLE_005800,Not Pregnant,0,,2025-10-08,Dr. Anita
CATTLE_142176,Pregnant,108,2026-06-18,2025-10-31,Dr. John
CATTLE_010050,Pregnant,137,2026-05-20,2025-11-10,Dr. Anita
CATTLE_001117,Not Pregnant,0,,2025-10-23,Dr. Smith
CATTLE_132553,Pregnant,1,2026-10-03,2025-10-29,Dr. Patel
CATTLE_053911,Not Pregnant,0,,2025-10-16,Dr. John
CATTLE_041448,Not Pregnant,0,,2025-12-08,Dr. Patel
CATTLE_184942,Not Pregnant,0,,2025-11-28,Dr. Smith
CATTLE_001399,Not Pregnant,0,,2025-10-16,Dr. Smith
CATTLE_014431,Pregnant,265,2026-01-12,2025-12-14,Dr. Anita
CATTLE_114736,Not Pregnant,0,,2025-10-05,Dr. Patel
CATTLE_205030,Not Pregnant,0,,2025-08-30,Dr. Smith
CATTLE_158105,Not Pregnant,0,,2025-09-05,Dr. John
CATTLE_066326,Not Pregnant,0,,2025-11-06,Dr. Anita
CATTLE_153741,Not Pregnant,0,,2025-11-07,Dr. Smith
CATTLE_150136,Pregnant,212,2026-03-06,2025-12-16,Dr. Anita
CATTLE_069509,Not Pregnant,0,,2025-09-11,Dr. Smith
CATTLE_036579,Not Pregnant,0,,2025-09-01,Dr. Anita
CATTLE_086911,Not Pregnant,0,,2025-10-29,Dr. Smith
CATTLE_214986,Pregnant,260,2026-01-17,2025-11-20,Dr. Anita
CATTLE_059353,Pregnant,159,2026-04-28,2025-11-29,Dr. Patel
CATTLE_026630,Not Pregnant,0,,2025-12-05,Dr. Patel
CATTLE_003916,Pregnant,9,2026-09-25,2025-11-20,Dr. Anita
CATTLE_046477,Not Pregnant,0,,2025-12-08,Dr. John
CATTLE_035829,Pregnant,247,2026-01-30,2025-11-27,Dr. Anita
CATTLE_060463,Not Pregnant,0,,2025-09-16,Dr. Smith
CATTLE_148625,Not Pregnant,0,,2025-12-03,Dr. John
CATTLE_185276,Not Pregnant,0,,2025-09-04,Dr. Smith
CATTLE_230554,Pregnant,185,2026-04-02,2025-12-09,Dr. Patel
CATTLE_104023,Not Pregnant,0,,2025-10-20,Dr. Smith
CATTLE_086934,Pregnant,144,2026-05-13,2025-11-23,Dr. Patel
CATTLE_169598,Not Pregnant,0,,2025-11-13,Dr. Patel
CATTLE_203979,Pregnant,193,2026-03-25,2025-11-17,Dr. John
CATTLE_009255,Not Pregnant,0,,2025-11-28,Dr. Anita
CATTLE_022325,Not Pregnant,0,,2025-08-31,Dr. Patel
CATTLE_027901,Not Pregnant,0,,2025-10-07,Dr. John
CATTLE_013663,Not Pregnant,0,,2025-09-08,Dr. Patel
CATTLE_081374,Not Pregnant,0,,2025-11-07,Dr. Patel
CATTLE_197885,Not Pregnant,0,,2025-11-09,Dr. Smith
CATTLE_001544,Not Pregnant,0,,2025-09-11,Dr. John
CATTLE_185740,Pregnant,212,2026-03-06,2025-12-02,Dr. Smith
CATTLE_083868,Pregnant,246,2026-01-31,2025-11-24,Dr. Anita
CATTLE_154827,Pregnant,189,2026-03-29,2025-11-09,Dr. Smith
CATTLE_107581,Not Pregnant,0,,2025-11-26,Dr. Smith
CATTLE_223037,Not Pregnant,0,,2025-11-02,Dr. Smith
CATTLE_009482,Pregnant,147,2026-05-10,2025-12-07,Dr. John
CATTLE_021610,Pregnant,128,2026-05-29,2025-10-30,Dr. Smith
CATTLE_152168,Not Pregnant,0,,2025-10-07,Dr. Anita
CATTLE_100203,Not Pregnant,0,,2025-09-10,Dr. Patel
CATTLE_139511,Not Pregnant,0,,2025-09-02,Dr. John
CATTLE_132429,Not Pregnant,0,,2025-10-31,Dr. Smith
CATTLE_187613,Not Pregnant,0,,2025-10-03,Dr. Anita
CATTLE_043018,Not Pregnant,0,,2025-10-05,Dr. Patel
CATTLE_205576,Pregnant,247,2026-01-30,2025-12-07,Dr. Patel
CATTLE_027262,Pregnant,220,2026-02-26,2025-10-30,Dr. Smith
CATTLE_076650,Pregnant,124,2026-06-02,2025-11-03,Dr. Smith
CATTLE_217353,Not Pregnant,0,,2025-09-04,Dr. Anita
CATTLE_058816,Not Pregnant,0,,2025-09-08,Dr. Patel
CATTLE_056352,Not Pregnant,0,,2025-10-02,Dr. Patel
CATTLE_237093,Pregnant,63,2026-08-02,2025-11-04,Dr. Smith
CATTLE_221882,Not Pregnant,0,,2025-12-05,Dr. Anita
CATTLE_052949,Pregnant,52,2026-08-13,2025-12-14,Dr. Smith
CATTLE_157380,Not Pregnant,0,,2025-11-08,Dr. Patel
CATTLE_185140,Pregnant,111,2026-06-15,2025-12-02,Dr. Patel
CATTLE_193962,Not Pregnant,0,,2025-09-28,Dr. Anita
CATTLE_078331,Not Pregnant,0,,2025-09-26,Dr. Smith
CATTLE_034407,Not Pregnant,0,,2025-10-21,Dr. Smith
CATTLE_032441,Not Pregnant,0,,2025-11-23,Dr. Smith
CATTLE_134454,Not Pregnant,0,,2025-10-10,Dr. Anita
CATTLE_229006,Not Pregnant,0,,2025-10-14,Dr. Smith
CATTLE_146470,Pregnant,211,2026-03-07,2025-12-05,Dr. Patel
CATTLE_071654,Pregnant,204,2026-03-14,2025-10-30,Dr. Anita
CATTLE_146886,Not Pregnant,0,,2025-11-21,Dr. Patel
CATTLE_117482,Not Pregnant,0,,2025-10-08,Dr. John
CATTLE_072377,Not Pregnant,0,,2025-10-09,Dr. Anita
CATTLE_044355,Not Pregnant,0,,2025-10-30,Dr. Smith
CATTLE_052975,Not Pregnant,0,,2025-08-31,Dr. Smith
CATTLE_122960,Pregnant,167,2026-04-20,2025-11-07,Dr. Smith
CATTLE_094694,Not Pregnant,0,,2025-09-05,Dr. Anita
CATTLE_088227,Pregnant,157,2026-04-30,2025-11-11,Dr. Anita
CATTLE_081290,Pregnant,212,2026-03-06,2025-10-30,Dr. Smith
CATTLE_225382,Pregnant,121,2026-06-05,2025-12-05,Dr. John
CATTLE_183062,Not Pregnant,0,,2025-10-29,Dr. John
CATTLE_105002,Pregnant,199,2026-03-19,2025-12-06,Dr. John
CATTLE_240487,Pregnant,201,2026-03-17,2025-11-17,Dr. John
CATTLE_016895,Pregnant,98,2026-06-28,2025-11-23,Dr. Anita
CATTLE_035980,Not Pregnant,0,,2025-11-30,Dr. Smith
CATTLE_108199,Not Pregnant,0,,2025-09-06,Dr. Anita
CATTLE_221828,Pregnant,268,2026-01-09,2025-11-03,Dr. Patel
CATTLE_000791,Not Pregnant,0,,2025-09-10,Dr. Patel
CATTLE_173799,Pregnant,95,2026-07-01,2025-12-07,Dr. Smith
CATTLE_113623,Not Pregnant,0,,2025-09-15,Dr. John
CATTLE_203206,Pregnant,75,2026-07-21,2025-11-23,Dr. Smith
CATTLE_198798,Pregnant,219,2026-02-27,2025-11-21,Dr. Smith
CATTLE_058129,Pregnant,29,2026-09-05,2025-12-08,Dr. Smith
CATTLE_075006,Not Pregnant,0,,2025-09-27,Dr. Anita
CATTLE_067942,Pregnant,127,2026-05-30,2025-12-16,Dr. John
CATTLE_143884,Not Pregnant,0,,2025-10-29,Dr. Anita
CATTLE_238618,Pregnant,89,2026-07-07,2025-11-07,Dr. Smith
CATTLE_102515,Not Pregnant,0,,2025-10-20,Dr. Patel
CATTLE_200923,Not Pregnant,0,,2025-09-06,Dr. Patel
CATTLE_192109,Pregnant,14,2026-09-20,2025-11-23,Dr. John
CATTLE_249252,Not Pregnant,0,,2025-11-09,Dr. Smith
CATTLE_084505,Not Pregnant,0,,2025-10-13,Dr. Smith
CATTLE_226493,Pregnant,237,2026-02-09,2025-11-08,Dr. Patel
CATTLE_075660,Not Pregnant,0,,2025-10-14,Dr. Patel
CATTLE_060787,Pregnant,186,2026-04-01,2025-10-29,Dr. Patel
CATTLE_034508,Not Pregnant,0,,2025-09-10,Dr. Anita
CATTLE_097402,Not Pregnant,0,,2025-10-03,Dr. Patel
CATTLE_018598,Not Pregnant,0,,2025-12-07,Dr. Smith
CATTLE_216056,Not Pregnant,0,,2025-11-12,Dr. Anita
CATTLE_115281,Pregnant,11,2026-09-23,2025-11-22,Dr. Patel
CATTLE_206789,Not Pregnant,0,,2025-08-31,Dr. Smith
CATTLE_076559,Not Pregnant,0,,2025-11-09,Dr. John
CATTLE_009018,Not Pregnant,0,,2025-10-07,Dr. John
CATTLE_086439,Not Pregnant,0,,2025-09-21,Dr. Patel
CATTLE_015974,Not Pregnant,0,,2025-09-17,Dr. Patel
CATTLE_122364,Not Pregnant,0,,2025-10-15,Dr. Anita
CATTLE_014054,Pregnant,55,2026-08-10,2025-11-14,Dr. Smith
CATTLE_211356,Pregnant,143,2026-05-14,2025-10-29,Dr. Patel
CATTLE_090435,Pregnant,206,2026-03-12,2025-12-17,Dr. John
CATTLE_063375,Pregnant,181,2026-04-06,2025-12-06,Dr. Patel
CATTLE_212602,Not Pregnant,0,,2025-12-05,Dr. Smith
CATTLE_138759,Pregnant,124,2026-06-02,2025-11-27,Dr. Patel
CATTLE_035145,Pregnant,127,2026-05-30,2025-11-11,Dr. Patel
CATTLE_047845,Not Pregnant,0,,2025-12-06,Dr. Smith
CATTLE_068075,Not Pregnant,0,,2025-10-25,Dr. Smith
CATTLE_034091,Not Pregnant,0,,2025-11-04,Dr. Anita
CATTLE_141790,Not Pregnant,0,,2025-09-10,Dr. Patel
CATTLE_239440,Not Pregnant,0,,2025-09-17,Dr. John
CATTLE_064036,Not Pregnant,0,,2025-10-04,Dr. John
CATTLE_040599,Not Pregnant,0,,2025-10-07,Dr. Anita
CATTLE_218704,Not Pregnant,0,,2025-12-05,Dr. Patel
CATTLE_105324,Not Pregnant,0,,2025-11-02,Dr. Smith
CATTLE_081621,Not Pregnant,0,,2025-09-19,Dr. John
CATTLE_232127,Not Pregnant,0,,2025-09-09,Dr. Patel
CATTLE_163421,Pregnant,41,2026-08-24,2025-11-15,Dr. Patel
CATTLE_195796,Not Pregnant,0,,2025-10-18,Dr. Anita
CATTLE_105380,Not Pregnant,0,,2025-10-01,Dr. Patel
CATTLE_166741,Not Pregnant,0,,2025-10-04,Dr. Smith
CATTLE_050596,Not Pregnant,0,,2025-10-25,Dr. Smith
CATTLE_077453,Not Pregnant,0,,2025-10-27,Dr. Patel
CATTLE_201732,Pregnant,73,2026-07-23,2025-12-04,Dr. Patel
CATTLE_079849,Not Pregnant,0,,2025-11-26,Dr. John
CATTLE_133982,Pregnant,24,2026-09-10,2025-12-09,Dr. John
CATTLE_190929,Pregnant,79,2026-07-17,2025-11-04,Dr. Anita
CATTLE_040555,Not Pregnant,0,,2025-12-05,Dr. Anita
CATTLE_205178,Not Pregnant,0,,2025-09-22,Dr. Anita
CATTLE_181907,Not Pregnant,0,,2025-09-18,Dr. Anita
CATTLE_206523,Pregnant,141,2026-05-16,2025-12-07,Dr. John
CATTLE_060814,Not Pregnant,0,,2025-09-14,Dr. Anita
CATTLE_075489,Pregnant,236,2026-02-10,2025-12-14,Dr. Patel
CATTLE_229950,Pregnant,9,2026-09-25,2025-11-06,Dr. Anita
CATTLE_213842,Not Pregnant,0,,2025-12-02,Dr. Anita
CATTLE_174628,Not Pregnant,0,,2025-11-22,Dr. John
CATTLE_133467,Not Pregnant,0,,2025-10-21,Dr. Smith
CATTLE_203550,Not Pregnant,0,,2025-09-08,Dr. John
CATTLE_236338,Not Pregnant,0,,2025-10-15,Dr. John
CATTLE_102873,Not Pregnant,0,,2025-10-08,Dr. Smith
CATTLE_070140,Pregnant,125,2026-06-01,2025-10-30,Dr. Anita
CATTLE_218721,Not Pregnant,0,,2025-10-29,Dr. Smith
CATTLE_097653,Not Pregnant,0,,2025-11-26,Dr. Smith
CATTLE_232111,Pregnant,206,2026-03-12,2025-12-01,Dr. Smith
CATTLE_006661,Not Pregnant,0,,2025-10-02,Dr. Smith
CATTLE_019838,Not Pregnant,0,,2025-09-12,Dr. Smith
CATTLE_008326,Not Pregnant,0,,2025-11-29,Dr. Anita
CATTLE_179640,Not Pregnant,0,,2025-11-19,Dr. Smith
CATTLE_195898,Not Pregnant,0,,2025-09-06,Dr. Patel
CATTLE_189382,Pregnant,279,2025-12-29,2025-11-25,Dr. Smith
CATTLE_049328,Pregnant,5,2026-09-29,2025-11-02,Dr. Smith
CATTLE_120443,Not Pregnant,0,,2025-09-20,Dr. Patel
CATTLE_045427,Not Pregnant,0,,2025-10-03,Dr. Anita
CATTLE_034439,Not Pregnant,0,,2025-09-25,Dr. Anita
CATTLE_230964,Not Pregnant,0,,2025-10-15,Dr. John
CATTLE_085409,Not Pregnant,0,,2025-09-13,Dr. Smith
CATTLE_093978,Not Pregnant,0,,2025-11-11,Dr. Patel
CATTLE_060961,Not Pregnant,0,,2025-09-09,Dr. Anita
CATTLE_045275,Not Pregnant,0,,2025-12-03,Dr. Anita
CATTLE_230066,Pregnant,152,2026-05-05,2025-12-02,Dr. Anita
CATTLE_144070,Not Pregnant,0,,2025-12-07,Dr. John
CATTLE_058238,Not Pregnant,0,,2025-11-09,Dr. Patel
CATTLE_161745,Pregnant,146,2026-05-11,2025-11-05,Dr. Anita
CATTLE_014557,Not Pregnant,0,,2025-09-18,Dr. Anita
CATTLE_160128,Not Pregnant,0,,2025-11-12,Dr. Anita
CATTLE_203438,Not Pregnant,0,,2025-11-30,Dr. Anita
CATTLE_025469,Not Pregnant,0,,2025-09-23,Dr. John
CATTLE_167270,Not Pregnant,0,,2025-10-29,Dr. Smith
CATTLE_021296,Not Pregnant,0,,2025-09-01,Dr. John
CATTLE_196623,Not Pregnant,0,,2025-11-06,Dr. Anita
CATTLE_129575,Not Pregnant,0,,2025-10-09,Dr. Smith
CATTLE_226087,Pregnant,63,2026-08-02,2025-11-04,Dr. Patel
CATTLE_244225,Not Pregnant,0,,2025-10-02,Dr. Smith
CATTLE_005811,Pregnant,235,2026-02-11,2025-12-01,Dr. Anita
CATTLE_002194,Pregnant,250,2026-01-27,2025-11-08,Dr. Smith
CATTLE_099947,Pregnant,142,2026-05-15,2025-11-13,Dr. John
CATTLE_043919,Pregnant,179,2026-04-08,2025-11-04,Dr. Smith
CATTLE_218762,Pregnant,10,2026-09-24,2025-11-30,Dr. Patel
CATTLE_227872,Not Pregnant,0,,2025-10-03,Dr. Smith
CATTLE_190086,Not Pregnant,0,,2025-10-28,Dr. Patel
CATTLE_096939,Not Pregnant,0,,2025-11-29,Dr. Smith
CATTLE_050216,Not Pregnant,0,,2025-11-23,Dr. Anita
CATTLE_117259,Not Pregnant,0,,2025-11-02,Dr. John
CATTLE_173300,Not Pregnant,0,,2025-10-06,Dr. Smith
CATTLE_054028,Not Pregnant,0,,2025-10-25,Dr. Smith
CATTLE_197904,Not Pregnant,0,,2025-09-07,Dr. Smith
CATTLE_099480,Pregnant,242,2026-02-04,2025-12-08,Dr. Patel
CATTLE_179688,Not Pregnant,0,,2025-11-19,Dr. John
CATTLE_011268,Pregnant,145,2026-05-12,2025-11-23,Dr. Smith
CATTLE_247141,Pregnant,6,2026-09-28,2025-11-10,Dr. John
CATTLE_078064,Not Pregnant,0,,2025-11-07,Dr. John
CATTLE_109030,Not Pregnant,0,,2025-10-03,Dr. Smith
CATTLE_198663,Not Pregnant,0,,2025-11-13,Dr. John
CATTLE_167044,Not Pregnant,0,,2025-09-09,Dr. Anita
CATTLE_094571,Pregnant,188,2026-03-30,2025-10-29,Dr. John
CATTLE_013280,Not Pregnant,0,,2025-10-08,Dr. Smith
CATTLE_234814,Pregnant,106,2026-06-20,2025-12-05,Dr. Patel
CATTLE_178938,Not Pregnant,0,,2025-10-15,Dr. Anita
CATTLE_181538,Pregnant,242,2026-02-04,2025-11-02,Dr. Smith
CATTLE_197713,Not Pregnant,0,,2025-09-19,Dr. Patel
CATTLE_229146,Not Pregnant,0,,2025-09-24,Dr. Smith
CATTLE_128775,Not Pregnant,0,,2025-10-13,Dr. Smith
CATTLE_065173,Not Pregnant,0,,2025-09-30,Dr. Smith
CATTLE_181077,Not Pregnant,0,,2025-09-15,Dr. Patel
CATTLE_101950,Pregnant,61,2026-08-04,2025-12-05,Dr. Smith
CATTLE_051788,Not Pregnant,0,,2025-08-30,Dr. Patel
CATTLE_148708,Not Pregnant,0,,2025-11-15,Dr. Anita
CATTLE_097281,Not Pregnant,0,,2025-10-31,Dr. Smith
CATTLE_044447,Not Pregnant,0,,2025-11-14,Dr. Anita
CATTLE_003964,Not Pregnant,0,,2025-09-11,Dr. Smith
CATTLE_079891,Not Pregnant,0,,2025-09-29,Dr. Smith
CATTLE_015296,Not Pregnant,0,,2025-11-30,Dr. Anita
CATTLE_218374,Not Pregnant,0,,2025-09-13,Dr. Anita
CATTLE_165698,Not Pregnant,0,,2025-10-26,Dr. John
