SensorID,Cattle_ID,SensorType,InstallDate,BatteryLevel,FirmwareVersion
SENSOR_CATTLE_038684,CATTLE_038684,BioSensor,2025-04-22,86,v2.0.1
SENSOR_CATTLE_064940,CATTLE_064940,EnvSensor,2025-11-05,67,v1.5.9
SENSOR_CATTLE_003955,CATTLE_003955,FeedSensor,2025-10-07,53,v2.0.1
SENSOR_CATTLE_120375,CATTLE_120375,FeedSensor,2025-06-27,64,v2.0.1
SENSOR_CATTLE_172862,CATTLE_172862,BioSensor,2025-10-21,44,v2.0.1
SENSOR_CATTLE_149304,CATTLE_149304,FeedSensor,2025-09-05,73,v1.5.9
SENSOR_CATTLE_111627,CATTLE_111627,BioSensor,2025-07-25,57,v2.0.1
SENSOR_CATTLE_164554,CATTLE_164554,FeedSensor,2025-10-26,74,v1.5.9
SENSOR_CATTLE_055780,CATTLE_055780,FeedSensor,2025-03-22,79,v1.5.9
SENSOR_CATTLE_141991,CATTLE_141991,FeedSensor,2025-09-16,62,v1.5.9
SENSOR_CATTLE_176729,CATTLE_176729,BioSensor,2025-05-04,51,v1.2.3
SENSOR_CATTLE_022050,CATTLE_022050,FeedSensor,2025-09-22,72,v1.5.9
SENSOR_CATTLE_077432,CATTLE_077432,EnvSensor,2025-10-23,92,v1.5.9
SENSOR_CATTLE_111500,CATTLE_111500,FeedSensor,2025-10-26,46,v1.2.3
SENSOR_CATTLE_228765,CATTLE_228765,BioSensor,2025-09-07,95,v2.0.1
SENSOR_CATTLE_029676,CATTLE_029676,BioSensor,2025-09-16,98,v2.0.1
SENSOR_CATTLE_036727,CATTLE_036727,BioSensor,2025-06-06,91,v2.0.1
SENSOR_CATTLE_075960,CATTLE_075960,EnvSensor,2025-03-16,50,v1.5.9
SENSOR_CATTLE_247466,CATTLE_247466,FeedSensor,2025-08-11,81,v1.2.3
SENSOR_CATTLE_128857,CATTLE_128857,BioSensor,2025-08-15,97,v1.5.9
SENSOR_CATTLE_034525,CATTLE_034525,FeedSensor,2025-08-08,53,v1.5.9
SENSOR_CATTLE_114952,CATTLE_114952,FeedSensor,2025-11-17,67,v1.5.9
SENSOR_CATTLE_101079,CATTLE_101079,FeedSensor,2025-03-11,69,v1.5.9
SENSOR_CATTLE_209307,CATTLE_209307,FeedSensor,2025-04-15,63,v1.5.9
SENSOR_CATTLE_123692,CATTLE_123692,FeedSensor,2025-08-10,95,v2.0.1
SENSOR_CATTLE_120450,CATTLE_120450,EnvSensor,2025-08-04,89,v1.5.9
SENSOR_CATTLE_098056,CATTLE_098056,EnvSensor,2025-07-09,51,v2.0.1
SENSOR_CATTLE_198905,CATTLE_198905,BioSensor,2025-05-30,67,v1.2.3
SENSOR_CATTLE_113369,CATTLE_113369,BioSensor,2025-09-24,36,v1.5.9
SENSOR_CATTLE_015502,CATTLE_015502,BioSensor,2025-05-09,84,v1.5.9
SENSOR_CATTLE_180180,CATTLE_180180,EnvSensor,2025-09-01,30,v1.2.3
SENSOR_CATTLE_111014,CATTLE_111014,FeedSensor,2025-10-29,84,v1.5.9
SENSOR_CATTLE_208705,CATTLE_208705,EnvSensor,2025-06-10,50,v1.2.3
SENSOR_CATTLE_138105,CATTLE_138105,FeedSensor,2025-11-02,84,v2.0.1
SENSOR_CATTLE_155477,CATTLE_155477,EnvSensor,2025-10-02,94,v2.0.1
SENSOR_CATTLE_060728,CATTLE_060728,FeedSensor,2025-04-13,69,v2.0.1
SENSOR_CATTLE_175430,CATTLE_175430,EnvSensor,2025-10-12,33,v1.5.9
SENSOR_CATTLE_024992,CATTLE_024992,BioSensor,2025-05-21,47,v2.0.1
SENSOR_CATTLE_121662,CATTLE_121662,BioSensor,2025-05-27,53,v1.5.9
SENSOR_CATTLE_042898,CATTLE_042898,BioSensor,2025-03-15,50,v1.5.9
SENSOR_CATTLE_065708,CATTLE_065708,EnvSensor,2025-10-02,46,v2.0.1
SENSOR_CATTLE_024630,CATTLE_024630,FeedSensor,2025-06-21,92,v1.2.3
SENSOR_CATTLE_038490,CATTLE_038490,EnvSensor,2025-04-29,57,v1.5.9
SENSOR_CATTLE_043701,CATTLE_043701,BioSensor,2025-03-05,54,v2.0.1
SENSOR_CATTLE_081628,CATTLE_081628,FeedSensor,2025-08-07,38,v1.5.9
SENSOR_CATTLE_103297,CATTLE_103297,EnvSensor,2025-05-02,39,v1.5.9
SENSOR_CATTLE_120292,CATTLE_120292,EnvSensor,2025-11-24,67,v1.5.9
SENSOR_CATTLE_006125,CATTLE_006125,FeedSensor,2025-10-17,57,v1.2.3
SENSOR_CATTLE_205284,CATTLE_205284,BioSensor,2025-06-17,56,v1.5.9
SENSOR_CATTLE_014439,CATTLE_014439,BioSensor,2025-06-11,80,v1.5.9
SENSOR_CATTLE_112759,CATTLE_112759,FeedSensor,2025-07-30,68,v1.5.9
SENSOR_CATTLE_155038,CATTLE_155038,EnvSensor,2025-09-05,63,v2.0.1
SENSOR_CATTLE_163614,CATTLE_163614,FeedSensor,2025-09-08,95,v1.2.3
SENSOR_CATTLE_168089,CATTLE_168089,BioSensor,2025-03-19,68,v2.0.1
SENSOR_CATTLE_089086,CATTLE_089086,FeedSensor,2025-09-07,83,v1.2.3
SENSOR_CATTLE_178221,CATTLE_178221,FeedSensor,2025-10-10,48,v2.0.1
SENSOR_CATTLE_044623,CATTLE_044623,FeedSensor,2025-07-12,82,v2.0.1
SENSOR_CATTLE_181519,CATTLE_181519,FeedSensor,2025-09-10,73,v1.2.3
SENSOR_CATTLE_110183,CATTLE_110183,EnvSensor,2025-05-03,37,v1.5.9
SENSOR_CATTLE_236011,CATTLE_236011,BioSensor,2025-05-07,42,v1.5.9
SENSOR_CATTLE_105084,CATTLE_105084,BioSensor,2025-03-07,35,v1.2.3
SENSOR_CATTLE_015231,CATTLE_015231,BioSensor,2025-09-09,94,v1.2.3
SENSOR_CATTLE_001190,CATTLE_001190,FeedSensor,2025-04-30,97,v1.5.9
SENSOR_CATTLE_155434,CATTLE_155434,BioSensor,2025-10-18,49,v1.5.9
SENSOR_CATTLE_107705,CATTLE_107705,BioSensor,2025-11-10,84,v2.0.1
SENSOR_CATTLE_111048,CATTLE_111048,BioSensor,2025-06-30,38,v1.2.3
SENSOR_CATTLE_068068,CATTLE_068068,FeedSensor,2025-05-01,92,v1.2.3
SENSOR_CATTLE_100474,CATTLE_100474,EnvSensor,2025-05-16,86,v1.5.9
SENSOR_CATTLE_152020,CATTLE_152020,EnvSensor,2025-06-27,82,v1.2.3
SENSOR_CATTLE_199818,CATTLE_199818,FeedSensor,2025-11-09,61,v1.5.9
SENSOR_CATTLE_068529,CATTLE_068529,EnvSensor,2025-11-27,89,v1.5.9
SENSOR_CATTLE_124988,CATTLE_124988,FeedSensor,2025-08-22,62,v2.0.1
SENSOR_CATTLE_020282,CATTLE_020282,EnvSensor,2025-07-24,85,v1.5.9
SENSOR_CATTLE_160850,CATTLE_160850,FeedSensor,2025-04-20,58,v1.2.3
SENSOR_CATTLE_125906,CATTLE_125906,BioSensor,2025-08-13,71,v1.2.3
SENSOR_CATTLE_093085,CATTLE_093085,FeedSensor,2025-03-26,41,v2.0.1
SENSOR_CATTLE_012671,CATTLE_012671,FeedSensor,2025-08-23,50,v2.0.1
SENSOR_CATTLE_233663,CATTLE_233663,BioSensor,2025-10-09,62,v1.2.3
SENSOR_CATTLE_071255,CATTLE_071255,EnvSensor,2025-04-20,31,v1.2.3
SENSOR_CATTLE_012955,CATTLE_012955,FeedSensor,2025-03-23,70,v1.2.3
SENSOR_CATTLE_101823,CATTLE_101823,BioSensor,2025-09-02,31,v1.5.9
SENSOR_CATTLE_095829,CATTLE_095829,EnvSensor,2025-04-13,74,v1.5.9
SENSOR_CATTLE_135248,CATTLE_135248,BioSensor,2025-03-16,65,v2.0.1
SENSOR_CATTLE_026910,CATTLE_026910,BioSensor,2025-08-27,97,v1.5.9
SENSOR_CATTLE_121177,CATTLE_121177,EnvSensor,2025-05-01,34,v2.0.1
SENSOR_CATTLE_072157,CATTLE_072157,FeedSensor,2025-04-24,34,v1.2.3
SENSOR_CATTLE_020622,CATTLE_020622,EnvSensor,2025-05-27,78,v2.0.1
SENSOR_CATTLE_080046,CATTLE_080046,FeedSensor,2025-08-29,94,v1.2.3
SENSOR_CATTLE_081276,CATTLE_081276,FeedSensor,2025-07-28,66,v2.0.1
SENSOR_CATTLE_161594,CATTLE_161594,EnvSensor,2025-11-23,41,v2.0.1
SENSOR_CATTLE_194246,CATTLE_194246,EnvSensor,2025-07-30,35,v1.2.3
SENSOR_CATTLE_167958,CATTLE_167958,FeedSensor,2025-03-25,52,v1.5.9
SENSOR_CATTLE_057525,CATTLE_057525,EnvSensor,2025-09-13,39,v1.5.9
SENSOR_CATTLE_210119,CATTLE_210119,FeedSensor,2025-03-19,56,v2.0.1
SENSOR_CATTLE_080722,CATTLE_080722,EnvSensor,2025-09-01,54,v1.5.9
SENSOR_CATTLE_156221,CATTLE_156221,BioSensor,2025-08-26,61,v1.2.3
SENSOR_CATTLE_230116,CATTLE_230116,FeedSensor,2025-09-06,86,v1.2.3
SENSOR_CATTLE_114917,CATTLE_114917,EnvSensor,2025-09-22,67,v1.5.9
SENSOR_CATTLE_035693,CATTLE_035693,BioSensor,2025-11-05,58,v2.0.1
SENSOR_CATTLE_139738,CATTLE_139738,BioSensor,2025-09-13,86,v1.5.9
SENSOR_CATTLE_221841,CATTLE_221841,BioSensor,2025-10-14,77,v2.0.1
SENSOR_CATTLE_069583,CATTLE_069583,FeedSensor,2025-11-27,40,v2.0.1
SENSOR_CATTLE_032924,CATTLE_032924,EnvSensor,2025-03-28,75,v1.5.9
SENSOR_CATTLE_230747,CATTLE_230747,BioSensor,2025-09-21,67,v1.5.9
SENSOR_CATTLE_198762,CATTLE_198762,EnvSensor,2025-04-06,49,v2.0.1
SENSOR_CATTLE_169666,CATTLE_169666,FeedSensor,2025-08-30,37,v2.0.1
SENSOR_CATTLE_229620,CATTLE_229620,BioSensor,2025-04-03,68,v1.2.3
SENSOR_CATTLE_013859,CATTLE_013859,EnvSensor,2025-11-03,55,v1.2.3
SENSOR_CATTLE_063094,CATTLE_063094,BioSensor,2025-11-13,75,v1.5.9
SENSOR_CATTLE_176366,CATTLE_176366,FeedSensor,2025-06-06,75,v1.2.3
SENSOR_CATTLE_087569,CATTLE_087569,FeedSensor,2025-08-04,44,v1.5.9
SENSOR_CATTLE_125539,CATTLE_125539,EnvSensor,2025-06-27,81,v1.5.9
SENSOR_CATTLE_238784,CATTLE_238784,BioSensor,2025-04-16,68,v1.2.3
SENSOR_CATTLE_045551,CATTLE_045551,EnvSensor,2025-11-14,91,v1.2.3
SENSOR_CATTLE_197862,CATTLE_197862,BioSensor,2025-09-26,63,v2.0.1
SENSOR_CATTLE_201860,CATTLE_201860,EnvSensor,2025-09-27,96,v1.2.3
SENSOR_CATTLE_226610,CATTLE_226610,EnvSensor,2025-07-08,62,v1.5.9
SENSOR_CATTLE_044713,CATTLE_044713,EnvSensor,2025-09-24,95,v1.2.3
SENSOR_CATTLE_077888,CATTLE_077888,EnvSensor,2025-05-19,85,v1.2.3
SENSOR_CATTLE_111285,CATTLE_111285,EnvSensor,2025-09-08,78,v1.5.9
SENSOR_CATTLE_234145,CATTLE_234145,EnvSensor,2025-08-16,87,v1.5.9
SENSOR_CATTLE_207863,CATTLE_207863,BioSensor,2025-04-21,78,v1.5.9
SENSOR_CATTLE_007159,CATTLE_007159,BioSensor,2025-09-13,77,v1.2.3
SENSOR_CATTLE_044541,CATTLE_044541,EnvSensor,2025-04-24,33,v1.5.9
SENSOR_CATTLE_093833,CATTLE_093833,FeedSensor,2025-09-05,75,v2.0.1
SENSOR_CATTLE_099368,CATTLE_099368,FeedSensor,2025-09-10,57,v1.5.9
SENSOR_CATTLE_015157,CATTLE_015157,EnvSensor,2025-05-31,85,v1.2.3
SENSOR_CATTLE_024019,CATTLE_024019,BioSensor,2025-09-14,73,v2.0.1
SENSOR_CATTLE_050732,CATTLE_050732,FeedSensor,2025-11-18,36,v1.2.3
SENSOR_CATTLE_195215,CATTLE_195215,BioSensor,2025-09-13,49,v2.0.1
SENSOR_CATTLE_171593,CATTLE_171593,FeedSensor,2025-11-24,69,v2.0.1
SENSOR_CATTLE_036255,CATTLE_036255,BioSensor,2025-04-18,37,v1.2.3
SENSOR_CATTLE_117581,CATTLE_117581,BioSensor,2025-11-21,41,v1.5.9
SENSOR_CATTLE_113099,CATTLE_113099,EnvSensor,2025-03-20,37,v1.5.9
SENSOR_CATTLE_045962,CATTLE_045962,EnvSensor,2025-05-14,78,v1.2.3
SENSOR_CATTLE_238700,CATTLE_238700,EnvSensor,2025-07-23,82,v1.2.3
SENSOR_CATTLE_150968,CATTLE_150968,BioSensor,2025-10-25,67,v1.2.3
SENSOR_CATTLE_137693,CATTLE_137693,EnvSensor,2025-08-10,60,v1.2.3
SENSOR_CATTLE_110562,CATTLE_110562,BioSensor,2025-07-23,89,v2.0.1
SENSOR_CATTLE_066854,CATTLE_066854,FeedSensor,2025-05-19,46,v2.0.1
SENSOR_CATTLE_038972,CATTLE_038972,BioSensor,2025-06-28,35,v1.2.3
SENSOR_CATTLE_142670,CATTLE_142670,EnvSensor,2025-11-16,84,v1.5.9
SENSOR_CATTLE_085240,CATTLE_085240,FeedSensor,2025-09-23,33,v1.5.9
SENSOR_CATTLE_136514,CATTLE_136514,BioSensor,2025-05-23,35,v2.0.1
SENSOR_CATTLE_179823,CATTLE_179823,EnvSensor,2025-03-23,52,v1.2.3
SENSOR_CATTLE_029589,CATTLE_029589,BioSensor,2025-11-06,60,v1.2.3
SENSOR_CATTLE_228036,CATTLE_228036,FeedSensor,2025-05-15,79,v2.0.1
SENSOR_CATTLE_036217,CATTLE_036217,FeedSensor,2025-10-20,80,v1.2.3
SENSOR_CATTLE_187121,CATTLE_187121,FeedSensor,2025-09-05,63,v1.5.9
SENSOR_CATTLE_037284,CATTLE_037284,EnvSensor,2025-07-28,50,v2.0.1
SENSOR_CATTLE_015273,CATTLE_015273,EnvSensor,2025-04-11,96,v1.2.3
SENSOR_CATTLE_086251,CATTLE_086251,BioSensor,2025-05-23,92,v2.0.1
SENSOR_CATTLE_045340,CATTLE_045340,BioSensor,2025-08-22,35,v1.5.9
SENSOR_CATTLE_236644,CATTLE_236644,EnvSensor,2025-11-03,99,v1.2.3
SENSOR_CATTLE_243562,CATTLE_243562,FeedSensor,2025-11-23,40,v1.2.3
SENSOR_CATTLE_215496,CATTLE_215496,BioSensor,2025-08-27,68,v1.2.3
SENSOR_CATTLE_237151,CATTLE_237151,FeedSensor,2025-10-02,100,v1.5.9
SENSOR_CATTLE_155185,CATTLE_155185,FeedSensor,2025-09-30,35,v1.5.9
SENSOR_CATTLE_187249,CATTLE_187249,FeedSensor,2025-07-29,39,v1.5.9
SENSOR_CATTLE_157929,CATTLE_157929,FeedSensor,2025-04-11,73,v1.2.3
SENSOR_CATTLE_134936,CATTLE_134936,EnvSensor,2025-08-24,66,v1.2.3
SENSOR_CATTLE_062171,CATTLE_062171,FeedSensor,2025-03-15,32,v1.2.3
SENSOR_CATTLE_055182,CATTLE_055182,FeedSensor,2025-04-29,93,v2.0.1
SENSOR_CATTLE_000118,CATTLE_000118,EnvSensor,2025-06-11,86,v2.0.1
SENSOR_CATTLE_011547,CATTLE_011547,BioSensor,2025-04-21,48,v2.0.1
SENSOR_CATTLE_202034,CATTLE_202034,EnvSensor,2025-03-30,50,v2.0.1
SENSOR_CATTLE_127415,CATTLE_127415,EnvSensor,2025-10-24,33,v1.5.9
SENSOR_CATTLE_056138,CATTLE_056138,EnvSensor,2025-07-04,99,v1.2.3
SENSOR_CATTLE_108063,CATTLE_108063,EnvSensor,2025-03-16,77,v1.5.9
SENSOR_CATTLE_126808,CATTLE_126808,BioSensor,2025-06-20,82,v2.0.1
SENSOR_CATTLE_215902,CATTLE_215902,BioSensor,2025-10-13,30,v1.5.9
SENSOR_CATTLE_073123,CATTLE_073123,FeedSensor,2025-08-29,94,v2.0.1
SENSOR_CATTLE_197599,CATTLE_197599,EnvSensor,2025-03-23,41,v1.2.3
SENSOR_CATTLE_030158,CATTLE_030158,BioSensor,2025-03-07,77,v1.2.3
SENSOR_CATTLE_133699,CATTLE_133699,FeedSensor,2025-07-18,31,v2.0.1
SENSOR_CATTLE_048289,CATTLE_048289,FeedSensor,2025-10-12,53,v1.2.3
SENSOR_CATTLE_079599,CATTLE_079599,EnvSensor,2025-03-21,78,v2.0.1
SENSOR_CATTLE_195562,CATTLE_195562,EnvSensor,2025-05-01,78,v1.2.3
SENSOR_CATTLE_200804,CATTLE_200804,FeedSensor,2025-05-11,93,v1.2.3
SENSOR_CATTLE_197738,CATTLE_197738,FeedSensor,2025-09-07,36,v2.0.1
SENSOR_CATTLE_181213,CATTLE_181213,BioSensor,2025-10-16,91,v1.2.3
SENSOR_CATTLE_029209,CATTLE_029209,BioSensor,2025-05-31,75,v1.5.9
SENSOR_CATTLE_034791,CATTLE_034791,BioSensor,2025-07-22,82,v2.0.1
SENSOR_CATTLE_124864,CATTLE_124864,EnvSensor,2025-07-17,42,v2.0.1
SENSOR_CATTLE_238482,CATTLE_238482,FeedSensor,2025-03-14,39,v1.2.3
SENSOR_CATTLE_000716,CATTLE_000716,EnvSensor,2025-05-12,78,v1.2.3
SENSOR_CATTLE_190433,CATTLE_190433,FeedSensor,2025-03-28,35,v2.0.1
SENSOR_CATTLE_104834,CATTLE_104834,EnvSensor,2025-05-11,91,v2.0.1
SENSOR_CATTLE_235720,CATTLE_235720,BioSensor,2025-10-13,45,v2.0.1
SENSOR_CATTLE_157253,CATTLE_157253,FeedSensor,2025-05-24,94,v1.5.9
SENSOR_CATTLE_112664,CATTLE_112664,FeedSensor,2025-09-07,99,v1.2.3
SENSOR_CATTLE_106799,CATTLE_106799,EnvSensor,2025-09-09,43,v2.0.1
SENSOR_CATTLE_018564,CATTLE_018564,BioSensor,2025-07-27,56,v1.5.9
SENSOR_CATTLE_050993,CATTLE_050993,BioSensor,2025-08-28,67,v1.5.9
SENSOR_CATTLE_191417,CATTLE_191417,BioSensor,2025-05-10,66,v1.2.3
SENSOR_CATTLE_169129,CATTLE_169129,BioSensor,2025-10-04,33,v1.2.3
SENSOR_CATTLE_013695,CATTLE_013695,EnvSensor,2025-08-02,97,v2.0.1
SENSOR_CATTLE_125879,CATTLE_125879,FeedSensor,2025-05-09,33,v1.5.9
SENSOR_CATTLE_197500,CATTLE_197500,EnvSensor,2025-04-30,63,v1.2.3
SENSOR_CATTLE_242422,CATTLE_242422,EnvSensor,2025-06-21,33,v1.2.3
SENSOR_CATTLE_173301,CATTLE_173301,EnvSensor,2025-03-04,68,v1.2.3
SENSOR_CATTLE_127849,CATTLE_127849,EnvSensor,2025-11-18,33,v1.2.3
SENSOR_CATTLE_092553,CATTLE_092553,EnvSensor,2025-08-25,48,v1.5.9
SENSOR_CATTLE_046617,CATTLE_046617,BioSensor,2025-10-18,63,v1.2.3
SENSOR_CATTLE_228549,CATTLE_228549,EnvSensor,2025-08-15,100,v2.0.1
SENSOR_CATTLE_197155,CATTLE_197155,FeedSensor,2025-10-09,94,v1.2.3
SENSOR_CATTLE_059550,CATTLE_059550,BioSensor,2025-07-25,70,v2.0.1
SENSOR_CATTLE_080343,CATTLE_080343,BioSensor,2025-10-24,52,v2.0.1
SENSOR_CATTLE_070426,CATTLE_070426,FeedSensor,2025-05-06,85,v1.5.9
SENSOR_CATTLE_072547,CATTLE_072547,EnvSensor,2025-03-07,88,v1.2.3
SENSOR_CATTLE_100003,CATTLE_100003,FeedSensor,2025-08-11,34,v1.5.9
SENSOR_CATTLE_071488,CATTLE_071488,FeedSensor,2025-03-25,93,v1.5.9
SENSOR_CATTLE_129630,CATTLE_129630,FeedSensor,2025-11-18,82,v1.5.9
SENSOR_CATTLE_002681,CATTLE_002681,FeedSensor,2025-03-07,31,v1.2.3
SENSOR_CATTLE_034795,CATTLE_034795,BioSensor,2025-08-04,92,v1.5.9
SENSOR_CATTLE_180857,CATTLE_180857,EnvSensor,2025-07-27,65,v2.0.1
SENSOR_CATTLE_032250,CATTLE_032250,BioSensor,2025-07-04,40,v2.0.1
SENSOR_CATTLE_088687,CATTLE_088687,BioSensor,2025-05-03,54,v2.0.1
SENSOR_CATTLE_031171,CATTLE_031171,FeedSensor,2025-06-18,84,v1.2.3
SENSOR_CATTLE_016701,CATTLE_016701,BioSensor,2025-06-10,81,v2.0.1
SENSOR_CATTLE_068332,CATTLE_068332,FeedSensor,2025-10-13,39,v2.0.1
SENSOR_CATTLE_167806,CATTLE_167806,EnvSensor,2025-10-19,73,v1.5.9
SENSOR_CATTLE_070005,CATTLE_070005,BioSensor,2025-06-26,95,v1.5.9
SENSOR_CATTLE_051069,CATTLE_051069,BioSensor,2025-05-12,84,v1.5.9
SENSOR_CATTLE_019954,CATTLE_019954,BioSensor,2025-05-26,43,v1.2.3
SENSOR_CATTLE_156696,CATTLE_156696,BioSensor,2025-06-12,100,v2.0.1
SENSOR_CATTLE_053682,CATTLE_053682,EnvSensor,2025-11-17,80,v2.0.1
SENSOR_CATTLE_229840,CATTLE_229840,EnvSensor,2025-07-08,50,v2.0.1
SENSOR_CATTLE_226452,CATTLE_226452,EnvSensor,2025-03-31,31,v1.2.3
SENSOR_CATTLE_221607,CATTLE_221607,BioSensor,2025-06-08,34,v1.5.9
SENSOR_CATTLE_134290,CATTLE_134290,EnvSensor,2025-05-17,47,v2.0.1
SENSOR_CATTLE_101252,CATTLE_101252,FeedSensor,2025-09-04,52,v1.2.3
SENSOR_CATTLE_225727,CATTLE_225727,EnvSensor,2025-09-13,57,v1.2.3
SENSOR_CATTLE_057259,CATTLE_057259,FeedSensor,2025-05-30,62,v2.0.1
SENSOR_CATTLE_091446,CATTLE_091446,FeedSensor,2025-05-10,83,v2.0.1
SENSOR_CATTLE_177960,CATTLE_177960,EnvSensor,2025-07-07,91,v1.5.9
SENSOR_CATTLE_122213,CATTLE_122213,EnvSensor,2025-11-10,58,v1.2.3
SENSOR_CATTLE_014152,CATTLE_014152,FeedSensor,2025-04-08,86,v2.0.1
SENSOR_CATTLE_139722,CATTLE_139722,FeedSensor,2025-10-26,98,v2.0.1
SENSOR_CATTLE_158093,CATTLE_158093,BioSensor,2025-11-18,60,v2.0.1
SENSOR_CATTLE_139470,CATTLE_139470,FeedSensor,2025-03-28,34,v1.5.9
SENSOR_CATTLE_033644,CATTLE_033644,EnvSensor,2025-09-13,83,v1.2.3
SENSOR_CATTLE_146061,CATTLE_146061,BioSensor,2025-10-23,39,v1.2.3
SENSOR_CATTLE_108222,CATTLE_108222,BioSensor,2025-07-25,71,v1.2.3
SENSOR_CATTLE_009490,CATTLE_009490,EnvSensor,2025-03-16,47,v2.0.1
SENSOR_CATTLE_049462,CATTLE_049462,FeedSensor,2025-04-03,61,v1.5.9
SENSOR_CATTLE_236327,CATTLE_236327,EnvSensor,2025-04-02,67,v1.2.3
SENSOR_CATTLE_213500,CATTLE_213500,BioSensor,2025-03-04,68,v1.5.9
SENSOR_CATTLE_093934,CATTLE_093934,FeedSensor,2025-04-17,100,v2.0.1
SENSOR_CATTLE_243271,CATTLE_243271,BioSensor,2025-06-10,68,v1.2.3
SENSOR_CATTLE_142041,CATTLE_142041,FeedSensor,2025-11-05,95,v1.5.9
SENSOR_CATTLE_127081,CATTLE_127081,FeedSensor,2025-05-25,56,v1.2.3
SENSOR_CATTLE_063009,CATTLE_063009,EnvSensor,2025-08-11,83,v1.2.3
SENSOR_CATTLE_098106,CATTLE_098106,FeedSensor,2025-05-06,52,v1.5.9
SENSOR_CATTLE_208048,CATTLE_208048,BioSensor,2025-05-04,58,v1.5.9
SENSOR_CATTLE_008422,CATTLE_008422,FeedSensor,2025-06-06,55,v2.0.1
SENSOR_CATTLE_152115,CATTLE_152115,EnvSensor,2025-11-13,98,v2.0.1
SENSOR_CATTLE_080414,CATTLE_080414,FeedSensor,2025-04-17,30,v1.5.9
SENSOR_CATTLE_022067,CATTLE_022067,EnvSensor,2025-10-30,88,v1.5.9
SENSOR_CATTLE_018420,CATTLE_018420,EnvSensor,2025-10-23,82,v1.5.9
SENSOR_CATTLE_133289,CATTLE_133289,FeedSensor,2025-05-07,63,v2.0.1
SENSOR_CATTLE_074353,CATTLE_074353,FeedSensor,2025-05-14,52,v1.2.3
SENSOR_CATTLE_029775,CATTLE_029775,FeedSensor,2025-10-11,46,v1.5.9
SENSOR_CATTLE_130107,CATTLE_130107,FeedSensor,2025-03-06,64,v2.0.1
SENSOR_CATTLE_174307,CATTLE_174307,EnvSensor,2025-10-22,49,v1.2.3
SENSOR_CATTLE_181960,CATTLE_181960,BioSensor,2025-10-23,82,v2.0.1
SENSOR_CATTLE_008840,CATTLE_008840,BioSensor,2025-07-17,85,v1.5.9
SENSOR_CATTLE_188197,CATTLE_188197,BioSensor,2025-09-26,36,v1.2.3
SENSOR_CATTLE_179897,CATTLE_179897,BioSensor,2025-05-17,84,v1.2.3
SENSOR_CATTLE_216902,CATTLE_216902,BioSensor,2025-04-11,86,v2.0.1
SENSOR_CATTLE_170436,CATTLE_170436,FeedSensor,2025-04-02,45,v2.0.1
SENSOR_CATTLE_131447,CATTLE_131447,BioSensor,2025-07-18,80,v1.5.9
SENSOR_CATTLE_109456,CATTLE_109456,BioSensor,2025-05-18,44,v2.0.1
SENSOR_CATTLE_221715,CATTLE_221715,BioSensor,2025-11-28,60,v1.5.9
SENSOR_CATTLE_031890,CATTLE_031890,BioSensor,2025-07-18,74,v2.0.1
SENSOR_CATTLE_239718,CATTLE_239718,BioSensor,2025-07-20,92,v1.5.9
SENSOR_CATTLE_216883,CATTLE_216883,EnvSensor,2025-04-06,31,v1.2.3
SENSOR_CATTLE_022101,CATTLE_022101,FeedSensor,2025-03-21,100,v2.0.1
SENSOR_CATTLE_117925,CATTLE_117925,FeedSensor,2025-07-13,43,v1.2.3
SENSOR_CATTLE_090938,CATTLE_090938,FeedSensor,2025-03-05,41,v1.5.9
SENSOR_CATTLE_198484,CATTLE_198484,FeedSensor,2025-06-01,35,v1.2.3
SENSOR_CATTLE_044428,CATTLE_044428,EnvSensor,2025-11-11,91,v1.2.3
SENSOR_CATTLE_013956,CATTLE_013956,FeedSensor,2025-05-03,34,v1.2.3
SENSOR_CATTLE_048473,CATTLE_048473,EnvSensor,2025-07-01,64,v1.2.3
SENSOR_CATTLE_016007,CATTLE_016007,EnvSensor,2025-03-05,77,v2.0.1
SENSOR_CATTLE_167603,CATTLE_167603,BioSensor,2025-08-09,87,v2.0.1
SENSOR_CATTLE_104854,CATTLE_104854,BioSensor,2025-03-13,39,v1.5.9
SENSOR_CATTLE_068610,CATTLE_068610,FeedSensor,2025-05-07,90,v1.2.3
SENSOR_CATTLE_008053,CATTLE_008053,EnvSensor,2025-06-25,96,v2.0.1
SENSOR_CATTLE_071850,CATTLE_071850,EnvSensor,2025-04-28,32,v1.5.9
SENSOR_CATTLE_053651,CATTLE_053651,BioSensor,2025-03-03,36,v1.2.3
SENSOR_CATTLE_242113,CATTLE_242113,FeedSensor,2025-09-23,69,v1.2.3
SENSOR_CATTLE_150468,CATTLE_150468,EnvSensor,2025-10-06,59,v1.2.3
SENSOR_CATTLE_010461,CATTLE_010461,BioSensor,2025-07-10,63,v1.2.3
SENSOR_CATTLE_149974,CATTLE_149974,EnvSensor,2025-03-15,68,v1.5.9
SENSOR_CATTLE_192418,CATTLE_192418,BioSensor,2025-07-17,41,v1.2.3
SENSOR_CATTLE_176914,CATTLE_176914,FeedSensor,2025-09-09,93,v1.2.3
SENSOR_CATTLE_165322,CATTLE_165322,BioSensor,2025-03-15,55,v2.0.1
SENSOR_CATTLE_006275,CATTLE_006275,EnvSensor,2025-09-27,75,v1.2.3
SENSOR_CATTLE_005318,CATTLE_005318,EnvSensor,2025-08-30,91,v1.5.9
SENSOR_CATTLE_059574,CATTLE_059574,FeedSensor,2025-11-28,31,v1.5.9
SENSOR_CATTLE_083595,CATTLE_083595,FeedSensor,2025-04-24,32,v1.2.3
SENSOR_CATTLE_014534,CATTLE_014534,EnvSensor,2025-06-29,59,v1.5.9
SENSOR_CATTLE_114982,CATTLE_114982,BioSensor,2025-09-01,34,v2.0.1
SENSOR_CATTLE_236307,CATTLE_236307,EnvSensor,2025-10-12,68,v1.2.3
SENSOR_CATTLE_017337,CATTLE_017337,EnvSensor,2025-03-10,78,v2.0.1
SENSOR_CATTLE_157803,CATTLE_157803,EnvSensor,2025-10-04,59,v1.2.3
SENSOR_CATTLE_180502,CATTLE_180502,EnvSensor,2025-04-28,86,v1.2.3
SENSOR_CATTLE_014520,CATTLE_014520,FeedSensor,2025-09-02,68,v1.2.3
SENSOR_CATTLE_061508,CATTLE_061508,FeedSensor,2025-07-10,84,v1.2.3
SENSOR_CATTLE_057237,CATTLE_057237,EnvSensor,2025-03-09,52,v1.5.9
SENSOR_CATTLE_215735,CATTLE_215735,EnvSensor,2025-11-13,92,v2.0.1
SENSOR_CATTLE_140575,CATTLE_140575,EnvSensor,2025-11-09,71,v2.0.1
SENSOR_CATTLE_121642,CATTLE_121642,BioSensor,2025-07-13,31,v1.2.3
SENSOR_CATTLE_104741,CATTLE_104741,FeedSensor,2025-11-19,92,v2.0.1
SENSOR_CATTLE_042459,CATTLE_042459,FeedSensor,2025-11-06,35,v1.5.9
SENSOR_CATTLE_028574,CATTLE_028574,FeedSensor,2025-06-26,63,v2.0.1
SENSOR_CATTLE_132639,CATTLE_132639,BioSensor,2025-08-19,65,v1.5.9
SENSOR_CATTLE_141516,CATTLE_141516,FeedSensor,2025-09-19,51,v2.0.1
SENSOR_CATTLE_080030,CATTLE_080030,BioSensor,2025-11-12,99,v1.2.3
SENSOR_CATTLE_219252,CATTLE_219252,EnvSensor,2025-09-25,54,v1.2.3
SENSOR_CATTLE_113900,CATTLE_113900,EnvSensor,2025-07-17,36,v1.2.3
SENSOR_CATTLE_205368,CATTLE_205368,EnvSensor,2025-08-19,33,v1.2.3
SENSOR_CATTLE_230345,CATTLE_230345,FeedSensor,2025-07-13,65,v2.0.1
SENSOR_CATTLE_240150,CATTLE_240150,BioSensor,2025-08-21,32,v2.0.1
SENSOR_CATTLE_063223,CATTLE_063223,EnvSensor,2025-09-20,45,v2.0.1
SENSOR_CATTLE_137186,CATTLE_137186,FeedSensor,2025-07-31,90,v1.5.9
SENSOR_CATTLE_221964,CATTLE_221964,EnvSensor,2025-06-13,75,v1.2.3
SENSOR_CATTLE_126651,CATTLE_126651,BioSensor,2025-10-27,56,v2.0.1
SENSOR_CATTLE_132103,CATTLE_132103,EnvSensor,2025-08-31,53,v2.0.1
SENSOR_CATTLE_150983,CATTLE_150983,FeedSensor,2025-10-25,68,v2.0.1
SENSOR_CATTLE_129225,CATTLE_129225,FeedSensor,2025-08-19,43,v2.0.1
SENSOR_CATTLE_249717,CATTLE_249717,BioSensor,2025-03-20,41,v1.5.9
SENSOR_CATTLE_045451,CATTLE_045451,FeedSensor,2025-04-17,30,v1.5.9
SENSOR_CATTLE_156705,CATTLE_156705,EnvSensor,2025-07-25,44,v1.5.9
SENSOR_CATTLE_205778,CATTLE_205778,FeedSensor,2025-11-16,35,v1.2.3
SENSOR_CATTLE_216062,CATTLE_216062,BioSensor,2025-07-13,78,v2.0.1
SENSOR_CATTLE_028698,CATTLE_028698,BioSensor,2025-06-02,71,v1.2.3
SENSOR_CATTLE_112296,CATTLE_112296,FeedSensor,2025-04-17,75,v1.2.3
SENSOR_CATTLE_132195,CATTLE_132195,EnvSensor,2025-08-23,63,v2.0.1
SENSOR_CATTLE_175690,CATTLE_175690,FeedSensor,2025-09-15,90,v1.5.9
SENSOR_CATTLE_148890,CATTLE_148890,EnvSensor,2025-09-15,84,v1.2.3
SENSOR_CATTLE_075474,CATTLE_075474,BioSensor,2025-11-26,39,v1.5.9
SENSOR_CATTLE_177341,CATTLE_177341,EnvSensor,2025-04-03,69,v1.5.9
SENSOR_CATTLE_223134,CATTLE_223134,EnvSensor,2025-05-03,68,v1.5.9
SENSOR_CATTLE_102470,CATTLE_102470,FeedSensor,2025-04-22,82,v2.0.1
SENSOR_CATTLE_013650,CATTLE_013650,BioSensor,2025-03-06,30,v2.0.1
SENSOR_CATTLE_237611,CATTLE_237611,FeedSensor,2025-03-30,46,v2.0.1
SENSOR_CATTLE_068105,CATTLE_068105,EnvSensor,2025-11-21,60,v1.5.9
SENSOR_CATTLE_234949,CATTLE_234949,BioSensor,2025-03-18,69,v1.2.3
SENSOR_CATTLE_197705,CATTLE_197705,FeedSensor,2025-11-28,31,v1.5.9
SENSOR_CATTLE_169480,CATTLE_169480,EnvSensor,2025-09-07,36,v1.2.3
SENSOR_CATTLE_006944,CATTLE_006944,EnvSensor,2025-04-11,79,v1.2.3
SENSOR_CATTLE_149472,CATTLE_149472,BioSensor,2025-05-16,99,v1.5.9
SENSOR_CATTLE_159604,CATTLE_159604,BioSensor,2025-10-29,64,v2.0.1
SENSOR_CATTLE_030625,CATTLE_030625,BioSensor,2025-09-19,58,v2.0.1
SENSOR_CATTLE_084418,CATTLE_084418,FeedSensor,2025-04-26,96,v1.5.9
SENSOR_CATTLE_234371,CATTLE_234371,FeedSensor,2025-07-27,60,v2.0.1
SENSOR_CATTLE_143051,CATTLE_143051,EnvSensor,2025-04-24,53,v1.2.3
SENSOR_CATTLE_085485,CATTLE_085485,BioSensor,2025-03-17,52,v1.2.3
SENSOR_CATTLE_074622,CATTLE_074622,BioSensor,2025-08-05,87,v1.5.9
SENSOR_CATTLE_079615,CATTLE_079615,FeedSensor,2025-07-21,51,v2.0.1
SENSOR_CATTLE_146519,CATTLE_146519,FeedSensor,2025-08-02,41,v1.5.9
SENSOR_CATTLE_128065,CATTLE_128065,FeedSensor,2025-11-28,61,v1.2.3
SENSOR_CATTLE_195041,CATTLE_195041,EnvSensor,2025-09-23,100,v2.0.1
SENSOR_CATTLE_111254,CATTLE_111254,FeedSensor,2025-09-02,75,v1.2.3
SENSOR_CATTLE_134511,CATTLE_134511,BioSensor,2025-05-05,77,v1.2.3
SENSOR_CATTLE_206690,CATTLE_206690,BioSensor,2025-11-07,49,v2.0.1
SENSOR_CATTLE_168699,CATTLE_168699,BioSensor,2025-10-14,88,v1.5.9
SENSOR_CATTLE_045295,CATTLE_045295,BioSensor,2025-10-16,62,v1.5.9
SENSOR_CATTLE_060673,CATTLE_060673,BioSensor,2025-08-26,75,v1.2.3
SENSOR_CATTLE_113706,CATTLE_113706,FeedSensor,2025-10-20,60,v1.2.3
SENSOR_CATTLE_204763,CATTLE_204763,FeedSensor,2025-08-18,80,v1.2.3
SENSOR_CATTLE_085711,CATTLE_085711,FeedSensor,2025-10-02,94,v1.5.9
SENSOR_CATTLE_031753,CATTLE_031753,BioSensor,2025-05-01,80,v2.0.1
SENSOR_CATTLE_219278,CATTLE_219278,FeedSensor,2025-07-23,98,v1.2.3
SENSOR_CATTLE_189702,CATTLE_189702,FeedSensor,2025-04-27,98,v1.5.9
SENSOR_CATTLE_187778,CATTLE_187778,FeedSensor,2025-10-24,31,v1.5.9
SENSOR_CATTLE_179571,CATTLE_179571,BioSensor,2025-10-11,44,v1.5.9
SENSOR_CATTLE_159203,CATTLE_159203,BioSensor,2025-03-23,83,v1.2.3
SENSOR_CATTLE_187528,CATTLE_187528,EnvSensor,2025-05-23,96,v1.5.9
SENSOR_CATTLE_037768,CATTLE_037768,BioSensor,2025-11-23,90,v2.0.1
SENSOR_CATTLE_230731,CATTLE_230731,BioSensor,2025-11-05,40,v1.5.9
SENSOR_CATTLE_058338,CATTLE_058338,FeedSensor,2025-04-12,33,v1.2.3
SENSOR_CATTLE_145204,CATTLE_145204,EnvSensor,2025-09-12,100,v1.5.9
SENSOR_CATTLE_040533,CATTLE_040533,FeedSensor,2025-03-04,86,v1.5.9
SENSOR_CATTLE_106093,CATTLE_106093,EnvSensor,2025-03-13,62,v1.5.9
SENSOR_CATTLE_187187,CATTLE_187187,FeedSensor,2025-04-22,84,v1.5.9
SENSOR_CATTLE_042889,CATTLE_042889,EnvSensor,2025-06-20,77,v1.2.3
SENSOR_CATTLE_080915,CATTLE_080915,FeedSensor,2025-04-07,41,v1.5.9
SENSOR_CATTLE_015396,CATTLE_015396,EnvSensor,2025-03-06,100,v1.2.3
SENSOR_CATTLE_166481,CATTLE_166481,FeedSensor,2025-04-26,48,v1.5.9
SENSOR_CATTLE_048349,CATTLE_048349,FeedSensor,2025-07-11,93,v2.0.1
SENSOR_CATTLE_004511,CATTLE_004511,FeedSensor,2025-06-26,73,v1.5.9
SENSOR_CATTLE_153052,CATTLE_153052,FeedSensor,2025-04-09,72,v1.5.9
SENSOR_CATTLE_186121,CATTLE_186121,FeedSensor,2025-05-25,36,v2.0.1
SENSOR_CATTLE_103774,CATTLE_103774,BioSensor,2025-07-17,61,v1.5.9
SENSOR_CATTLE_160872,CATTLE_160872,BioSensor,2025-06-04,61,v1.2.3
SENSOR_CATTLE_168765,CATTLE_168765,EnvSensor,2025-06-27,96,v1.5.9
SENSOR_CATTLE_222730,CATTLE_222730,EnvSensor,2025-06-02,89,v1.5.9
SENSOR_CATTLE_163114,CATTLE_163114,FeedSensor,2025-05-07,83,v1.5.9
SENSOR_CATTLE_184147,CATTLE_184147,EnvSensor,2025-06-01,86,v2.0.1
SENSOR_CATTLE_229286,CATTLE_229286,EnvSensor,2025-04-24,100,v1.5.9
SENSOR_CATTLE_090532,CATTLE_090532,FeedSensor,2025-05-31,56,v1.5.9
SENSOR_CATTLE_134076,CATTLE_134076,FeedSensor,2025-04-09,46,v1.2.3
SENSOR_CATTLE_049715,CATTLE_049715,EnvSensor,2025-11-19,49,v2.0.1
SENSOR_CATTLE_228360,CATTLE_228360,FeedSensor,2025-09-18,58,v2.0.1
SENSOR_CATTLE_167325,CATTLE_167325,FeedSensor,2025-10-30,43,v1.5.9
SENSOR_CATTLE_049312,CATTLE_049312,BioSensor,2025-05-30,94,v1.5.9
SENSOR_CATTLE_039580,CATTLE_039580,FeedSensor,2025-08-15,65,v1.2.3
SENSOR_CATTLE_030382,CATTLE_030382,EnvSensor,2025-09-08,35,v1.2.3
SENSOR_CATTLE_243873,CATTLE_243873,BioSensor,2025-05-22,46,v1.2.3
SENSOR_CATTLE_036852,CATTLE_036852,BioSensor,2025-08-11,40,v2.0.1
SENSOR_CATTLE_248584,CATTLE_248584,BioSensor,2025-06-09,69,v2.0.1
SENSOR_CATTLE_062048,CATTLE_062048,FeedSensor,2025-05-10,94,v1.2.3
SENSOR_CATTLE_060746,CATTLE_060746,EnvSensor,2025-09-02,91,v1.2.3
SENSOR_CATTLE_086585,CATTLE_086585,BioSensor,2025-09-10,32,v1.2.3
SENSOR_CATTLE_216275,CATTLE_216275,FeedSensor,2025-11-10,95,v1.2.3
SENSOR_CATTLE_187861,CATTLE_187861,FeedSensor,2025-07-09,65,v1.2.3
SENSOR_CATTLE_124224,CATTLE_124224,FeedSensor,2025-10-12,94,v2.0.1
SENSOR_CATTLE_148176,CATTLE_148176,FeedSensor,2025-04-11,100,v1.5.9
SENSOR_CATTLE_138997,CATTLE_138997,BioSensor,2025-06-11,86,v1.2.3
SENSOR_CATTLE_144805,CATTLE_144805,FeedSensor,2025-10-11,61,v1.2.3
SENSOR_CATTLE_226857,CATTLE_226857,FeedSensor,2025-05-12,31,v1.2.3
SENSOR_CATTLE_039647,CATTLE_039647,EnvSensor,2025-05-11,61,v1.5.9
SENSOR_CATTLE_011012,CATTLE_011012,EnvSensor,2025-10-10,38,v1.2.3
SENSOR_CATTLE_183212,CATTLE_183212,FeedSensor,2025-04-15,72,v1.5.9
SENSOR_CATTLE_025555,CATTLE_025555,FeedSensor,2025-05-03,68,v2.0.1
SENSOR_CATTLE_017979,CATTLE_017979,FeedSensor,2025-10-22,45,v1.2.3
SENSOR_CATTLE_070356,CATTLE_070356,FeedSensor,2025-06-02,73,v2.0.1
SENSOR_CATTLE_030968,CATTLE_030968,BioSensor,2025-05-21,87,v2.0.1
SENSOR_CATTLE_109547,CATTLE_109547,FeedSensor,2025-03-27,61,v2.0.1
SENSOR_CATTLE_100863,CATTLE_100863,EnvSensor,2025-04-06,43,v1.2.3
SENSOR_CATTLE_178375,CATTLE_178375,FeedSensor,2025-05-21,92,v2.0.1
SENSOR_CATTLE_040794,CATTLE_040794,BioSensor,2025-10-03,74,v2.0.1
SENSOR_CATTLE_127995,CATTLE_127995,BioSensor,2025-09-17,83,v1.2.3
SENSOR_CATTLE_226514,CATTLE_226514,EnvSensor,2025-04-27,83,v1.5.9
SENSOR_CATTLE_052937,CATTLE_052937,BioSensor,2025-11-05,78,v1.2.3
SENSOR_CATTLE_185670,CATTLE_185670,BioSensor,2025-04-10,69,v1.5.9
SENSOR_CATTLE_016281,CATTLE_016281,BioSensor,2025-11-21,60,v1.5.9
SENSOR_CATTLE_071453,CATTLE_071453,BioSensor,2025-10-18,67,v2.0.1
SENSOR_CATTLE_227082,CATTLE_227082,EnvSensor,2025-07-11,68,v1.5.9
SENSOR_CATTLE_245062,CATTLE_245062,BioSensor,2025-04-20,37,v2.0.1
SENSOR_CATTLE_039937,CATTLE_039937,FeedSensor,2025-11-22,57,v2.0.1
SENSOR_CATTLE_081229,CATTLE_081229,FeedSensor,2025-10-23,32,v2.0.1
SENSOR_CATTLE_198702,CATTLE_198702,FeedSensor,2025-10-05,98,v1.2.3
SENSOR_CATTLE_056256,CATTLE_056256,FeedSensor,2025-11-06,78,v2.0.1
SENSOR_CATTLE_191123,CATTLE_191123,EnvSensor,2025-04-01,72,v1.5.9
SENSOR_CATTLE_204709,CATTLE_204709,EnvSensor,2025-08-17,47,v2.0.1
SENSOR_CATTLE_140603,CATTLE_140603,BioSensor,2025-08-17,32,v2.0.1
SENSOR_CATTLE_185330,CATTLE_185330,BioSensor,2025-06-30,34,v1.5.9
SENSOR_CATTLE_167540,CATTLE_167540,FeedSensor,2025-10-10,78,v1.2.3
SENSOR_CATTLE_103784,CATTLE_103784,FeedSensor,2025-09-17,100,v1.2.3
SENSOR_CATTLE_087193,CATTLE_087193,BioSensor,2025-11-05,65,v1.5.9
SENSOR_CATTLE_118219,CATTLE_118219,EnvSensor,2025-05-24,91,v1.5.9
SENSOR_CATTLE_085851,CATTLE_085851,EnvSensor,2025-04-28,91,v2.0.1
SENSOR_CATTLE_208365,CATTLE_208365,EnvSensor,2025-04-04,82,v2.0.1
SENSOR_CATTLE_107623,CATTLE_107623,BioSensor,2025-06-09,98,v2.0.1
SENSOR_CATTLE_216294,CATTLE_216294,BioSensor,2025-06-27,33,v2.0.1
SENSOR_CATTLE_006293,CATTLE_006293,BioSensor,2025-07-02,83,v1.5.9
SENSOR_CATTLE_121000,CATTLE_121000,EnvSensor,2025-11-05,93,v1.5.9
SENSOR_CATTLE_054835,CATTLE_054835,BioSensor,2025-06-19,59,v2.0.1
SENSOR_CATTLE_098243,CATTLE_098243,FeedSensor,2025-08-06,96,v2.0.1
SENSOR_CATTLE_070297,CATTLE_070297,FeedSensor,2025-03-25,75,v2.0.1
SENSOR_CATTLE_106242,CATTLE_106242,EnvSensor,2025-11-04,30,v1.2.3
SENSOR_CATTLE_204349,CATTLE_204349,FeedSensor,2025-03-23,97,v1.2.3
SENSOR_CATTLE_086283,CATTLE_086283,EnvSensor,2025-11-10,38,v2.0.1
SENSOR_CATTLE_224515,CATTLE_224515,EnvSensor,2025-06-11,92,v1.2.3
SENSOR_CATTLE_247287,CATTLE_247287,BioSensor,2025-09-21,39,v1.5.9
SENSOR_CATTLE_093971,CATTLE_093971,BioSensor,2025-06-04,94,v2.0.1
SENSOR_CATTLE_066401,CATTLE_066401,BioSensor,2025-07-19,54,v2.0.1
SENSOR_CATTLE_174642,CATTLE_174642,BioSensor,2025-06-03,34,v1.2.3
SENSOR_CATTLE_083580,CATTLE_083580,FeedSensor,2025-03-12,94,v2.0.1
SENSOR_CATTLE_091189,CATTLE_091189,BioSensor,2025-03-09,40,v1.2.3
SENSOR_CATTLE_033204,CATTLE_033204,FeedSensor,2025-09-17,54,v1.5.9
SENSOR_CATTLE_192298,CATTLE_192298,EnvSensor,2025-11-02,88,v1.2.3
SENSOR_CATTLE_084309,CATTLE_084309,EnvSensor,2025-03-27,53,v2.0.1
SENSOR_CATTLE_023356,CATTLE_023356,BioSensor,2025-09-08,81,v2.0.1
SENSOR_CATTLE_060648,CATTLE_060648,BioSensor,2025-10-20,99,v1.5.9
SENSOR_CATTLE_164152,CATTLE_164152,EnvSensor,2025-07-17,94,v2.0.1
SENSOR_CATTLE_225970,CATTLE_225970,EnvSensor,2025-10-19,69,v1.2.3
SENSOR_CATTLE_213159,CATTLE_213159,FeedSensor,2025-08-04,41,v1.5.9
SENSOR_CATTLE_170376,CATTLE_170376,FeedSensor,2025-06-03,98,v1.5.9
SENSOR_CATTLE_077203,CATTLE_077203,FeedSensor,2025-03-03,34,v1.2.3
SENSOR_CATTLE_039260,CATTLE_039260,FeedSensor,2025-03-11,92,v2.0.1
SENSOR_CATTLE_225188,CATTLE_225188,FeedSensor,2025-07-03,88,v1.2.3
SENSOR_CATTLE_151502,CATTLE_151502,EnvSensor,2025-06-18,49,v2.0.1
SENSOR_CATTLE_073925,CATTLE_073925,BioSensor,2025-09-08,95,v2.0.1
SENSOR_CATTLE_049121,CATTLE_049121,EnvSensor,2025-11-16,73,v1.5.9
SENSOR_CATTLE_182428,CATTLE_182428,EnvSensor,2025-07-01,65,v1.5.9
SENSOR_CATTLE_139585,CATTLE_139585,BioSensor,2025-07-17,81,v1.5.9
SENSOR_CATTLE_106476,CATTLE_106476,BioSensor,2025-07-22,39,v1.2.3
SENSOR_CATTLE_029414,CATTLE_029414,EnvSensor,2025-04-07,56,v1.5.9
SENSOR_CATTLE_137195,CATTLE_137195,FeedSensor,2025-04-19,37,v1.2.3
SENSOR_CATTLE_017707,CATTLE_017707,FeedSensor,2025-09-06,69,v1.5.9
SENSOR_CATTLE_010764,CATTLE_010764,BioSensor,2025-04-17,98,v1.2.3
SENSOR_CATTLE_183323,CATTLE_183323,EnvSensor,2025-03-09,46,v2.0.1
SENSOR_CATTLE_015068,CATTLE_015068,BioSensor,2025-08-17,38,v1.2.3
SENSOR_CATTLE_212268,CATTLE_212268,BioSensor,2025-08-10,56,v2.0.1
SENSOR_CATTLE_132695,CATTLE_132695,BioSensor,2025-03-09,43,v2.0.1
SENSOR_CATTLE_171083,CATTLE_171083,BioSensor,2025-05-06,72,v2.0.1
SENSOR_CATTLE_241997,CATTLE_241997,BioSensor,2025-07-14,86,v1.2.3
SENSOR_CATTLE_048655,CATTLE_048655,BioSensor,2025-05-20,38,v1.2.3
SENSOR_CATTLE_014623,CATTLE_014623,BioSensor,2025-09-06,45,v2.0.1
SENSOR_CATTLE_235701,CATTLE_235701,FeedSensor,2025-07-07,78,v1.2.3
SENSOR_CATTLE_233852,CATTLE_233852,FeedSensor,2025-04-02,94,v2.0.1
SENSOR_CATTLE_168128,CATTLE_168128,EnvSensor,2025-09-04,62,v1.5.9
SENSOR_CATTLE_234723,CATTLE_234723,EnvSensor,2025-09-25,79,v2.0.1
SENSOR_CATTLE_080327,CATTLE_080327,FeedSensor,2025-04-15,41,v2.0.1
SENSOR_CATTLE_020578,CATTLE_020578,FeedSensor,2025-07-17,53,v1.5.9
SENSOR_CATTLE_098856,CATTLE_098856,BioSensor,2025-09-24,38,v1.5.9
SENSOR_CATTLE_145031,CATTLE_145031,FeedSensor,2025-08-19,87,v1.5.9
SENSOR_CATTLE_155282,CATTLE_155282,FeedSensor,2025-10-15,57,v1.5.9
SENSOR_CATTLE_139763,CATTLE_139763,EnvSensor,2025-07-05,76,v1.2.3
SENSOR_CATTLE_170245,CATTLE_170245,FeedSensor,2025-04-14,58,v2.0.1
SENSOR_CATTLE_153320,CATTLE_153320,FeedSensor,2025-10-09,41,v1.5.9
SENSOR_CATTLE_110412,CATTLE_110412,EnvSensor,2025-06-08,51,v1.2.3
SENSOR_CATTLE_155132,CATTLE_155132,EnvSensor,2025-04-25,98,v1.2.3
SENSOR_CATTLE_053330,CATTLE_053330,EnvSensor,2025-05-09,33,v1.2.3
SENSOR_CATTLE_209736,CATTLE_209736,FeedSensor,2025-09-18,68,v1.5.9
SENSOR_CATTLE_001198,CATTLE_001198,BioSensor,2025-05-13,45,v1.2.3
SENSOR_CATTLE_223994,CATTLE_223994,FeedSensor,2025-09-21,49,v2.0.1
SENSOR_CATTLE_119670,CATTLE_119670,FeedSensor,2025-06-11,63,v1.5.9
SENSOR_CATTLE_043274,CATTLE_043274,EnvSensor,2025-06-27,39,v1.2.3
SENSOR_CATTLE_079641,CATTLE_079641,EnvSensor,2025-06-29,70,v1.5.9
SENSOR_CATTLE_055025,CATTLE_055025,FeedSensor,2025-06-30,83,v2.0.1
SENSOR_CATTLE_077298,CATTLE_077298,FeedSensor,2025-08-17,92,v1.5.9
SENSOR_CATTLE_127553,CATTLE_127553,BioSensor,2025-03-12,87,v2.0.1
SENSOR_CATTLE_094389,CATTLE_094389,BioSensor,2025-10-11,73,v1.5.9
SENSOR_CATTLE_090522,CATTLE_090522,BioSensor,2025-06-21,72,v1.5.9
SENSOR_CATTLE_053618,CATTLE_053618,EnvSensor,2025-06-24,56,v2.0.1
SENSOR_CATTLE_179533,CATTLE_179533,FeedSensor,2025-06-15,66,v1.2.3
SENSOR_CATTLE_224638,CATTLE_224638,FeedSensor,2025-06-18,65,v1.2.3
SENSOR_CATTLE_217057,CATTLE_217057,BioSensor,2025-06-10,59,v1.5.9
SENSOR_CATTLE_246426,CATTLE_246426,EnvSensor,2025-08-14,60,v1.2.3
SENSOR_CATTLE_113637,CATTLE_113637,BioSensor,2025-10-16,35,v2.0.1
SENSOR_CATTLE_104368,CATTLE_104368,EnvSensor,2025-08-22,57,v2.0.1
SENSOR_CATTLE_241812,CATTLE_241812,FeedSensor,2025-10-06,99,v2.0.1
SENSOR_CATTLE_001500,CATTLE_001500,FeedSensor,2025-08-23,46,v2.0.1
SENSOR_CATTLE_240521,CATTLE_240521,FeedSensor,2025-06-20,40,v2.0.1
SENSOR_CATTLE_176250,CATTLE_176250,BioSensor,2025-09-24,62,v2.0.1
SENSOR_CATTLE_112358,CATTLE_112358,BioSensor,2025-10-08,77,v2.0.1
SENSOR_CATTLE_101012,CATTLE_101012,EnvSensor,2025-07-26,53,v1.2.3
SENSOR_CATTLE_144636,CATTLE_144636,EnvSensor,2025-05-29,42,v2.0.1
SENSOR_CATTLE_083466,CATTLE_083466,BioSensor,2025-03-20,65,v1.2.3
SENSOR_CATTLE_146136,CATTLE_146136,BioSensor,2025-09-06,69,v1.5.9
SENSOR_CATTLE_043531,CATTLE_043531,EnvSensor,2025-08-18,31,v1.2.3
SENSOR_CATTLE_201505,CATTLE_201505,EnvSensor,2025-04-25,55,v1.5.9
SENSOR_CATTLE_155773,CATTLE_155773,EnvSensor,2025-10-07,44,v2.0.1
SENSOR_CATTLE_053105,CATTLE_053105,FeedSensor,2025-04-05,41,v1.2.3
SENSOR_CATTLE_055625,CATTLE_055625,EnvSensor,2025-06-26,62,v1.2.3
SENSOR_CATTLE_223686,CATTLE_223686,BioSensor,2025-04-06,80,v1.5.9
SENSOR_CATTLE_070268,CATTLE_070268,FeedSensor,2025-10-14,41,v2.0.1
SENSOR_CATTLE_050208,CATTLE_050208,BioSensor,2025-04-09,39,v1.5.9
SENSOR_CATTLE_034482,CATTLE_034482,FeedSensor,2025-03-23,68,v2.0.1
SENSOR_CATTLE_236321,CATTLE_236321,EnvSensor,2025-04-16,37,v2.0.1
SENSOR_CATTLE_087998,CATTLE_087998,BioSensor,2025-06-19,94,v1.2.3
SENSOR_CATTLE_205302,CATTLE_205302,FeedSensor,2025-11-20,41,v1.2.3
SENSOR_CATTLE_190801,CATTLE_190801,BioSensor,2025-10-06,92,v1.2.3
SENSOR_CATTLE_194950,CATTLE_194950,FeedSensor,2025-05-22,40,v1.5.9
SENSOR_CATTLE_115340,CATTLE_115340,FeedSensor,2025-10-20,93,v1.5.9
SENSOR_CATTLE_166211,CATTLE_166211,EnvSensor,2025-06-13,33,v1.2.3
SENSOR_CATTLE_216331,CATTLE_216331,FeedSensor,2025-05-01,86,v1.5.9
SENSOR_CATTLE_173091,CATTLE_173091,BioSensor,2025-04-22,99,v1.2.3
SENSOR_CATTLE_224285,CATTLE_224285,FeedSensor,2025-08-20,98,v2.0.1
SENSOR_CATTLE_196521,CATTLE_196521,BioSensor,2025-04-16,98,v2.0.1
SENSOR_CATTLE_046348,CATTLE_046348,BioSensor,2025-08-18,81,v1.5.9
SENSOR_CATTLE_177752,CATTLE_177752,EnvSensor,2025-04-01,36,v2.0.1
SENSOR_CATTLE_157745,CATTLE_157745,BioSensor,2025-11-21,96,v1.2.3
SENSOR_CATTLE_073246,CATTLE_073246,FeedSensor,2025-03-10,80,v1.2.3
SENSOR_CATTLE_152676,CATTLE_152676,BioSensor,2025-11-06,30,v1.2.3
SENSOR_CATTLE_144751,CATTLE_144751,EnvSensor,2025-03-27,80,v1.5.9
SENSOR_CATTLE_104099,CATTLE_104099,EnvSensor,2025-04-19,79,v1.2.3
SENSOR_CATTLE_027955,CATTLE_027955,EnvSensor,2025-08-25,71,v2.0.1
SENSOR_CATTLE_055971,CATTLE_055971,FeedSensor,2025-09-24,93,v2.0.1
SENSOR_CATTLE_027460,CATTLE_027460,FeedSensor,2025-08-07,64,v1.2.3
SENSOR_CATTLE_162562,CATTLE_162562,FeedSensor,2025-09-22,88,v2.0.1
SENSOR_CATTLE_179916,CATTLE_179916,EnvSensor,2025-06-10,69,v2.0.1
SENSOR_CATTLE_171608,CATTLE_171608,BioSensor,2025-07-19,89,v1.5.9
SENSOR_CATTLE_079075,CATTLE_079075,EnvSensor,2025-11-19,85,v2.0.1
SENSOR_CATTLE_136317,CATTLE_136317,EnvSensor,2025-07-10,72,v2.0.1
SENSOR_CATTLE_016603,CATTLE_016603,EnvSensor,2025-04-21,31,v1.5.9
SENSOR_CATTLE_144695,CATTLE_144695,EnvSensor,2025-03-14,42,v1.5.9
SENSOR_CATTLE_099905,CATTLE_099905,FeedSensor,2025-09-24,82,v1.5.9
SENSOR_CATTLE_098450,CATTLE_098450,FeedSensor,2025-05-22,35,v1.2.3
SENSOR_CATTLE_206736,CATTLE_206736,FeedSensor,2025-05-05,44,v2.0.1
SENSOR_CATTLE_135153,CATTLE_135153,BioSensor,2025-03-08,96,v1.2.3
SENSOR_CATTLE_216478,CATTLE_216478,EnvSensor,2025-03-16,56,v1.5.9
SENSOR_CATTLE_158799,CATTLE_158799,FeedSensor,2025-05-31,80,v2.0.1
SENSOR_CATTLE_174776,CATTLE_174776,FeedSensor,2025-05-03,58,v2.0.1
SENSOR_CATTLE_131771,CATTLE_131771,BioSensor,2025-07-17,95,v2.0.1
SENSOR_CATTLE_058299,CATTLE_058299,EnvSensor,2025-11-25,31,v2.0.1
SENSOR_CATTLE_156653,CATTLE_156653,BioSensor,2025-10-22,47,v1.2.3
SENSOR_CATTLE_025216,CATTLE_025216,BioSensor,2025-11-08,99,v2.0.1
SENSOR_CATTLE_157899,CATTLE_157899,BioSensor,2025-06-21,60,v1.2.3
SENSOR_CATTLE_120177,CATTLE_120177,BioSensor,2025-10-12,36,v2.0.1
SENSOR_CATTLE_131959,CATTLE_131959,FeedSensor,2025-11-28,76,v1.2.3
SENSOR_CATTLE_130361,CATTLE_130361,FeedSensor,2025-04-08,64,v1.2.3
SENSOR_CATTLE_191731,CATTLE_191731,BioSensor,2025-06-10,63,v2.0.1
SENSOR_CATTLE_040420,CATTLE_040420,BioSensor,2025-10-15,59,v1.5.9
SENSOR_CATTLE_068061,CATTLE_068061,FeedSensor,2025-03-22,78,v1.5.9
SENSOR_CATTLE_230516,CATTLE_230516,EnvSensor,2025-08-14,82,v1.2.3
SENSOR_CATTLE_010439,CATTLE_010439,FeedSensor,2025-05-09,64,v2.0.1
SENSOR_CATTLE_074318,CATTLE_074318,BioSensor,2025-07-02,39,v2.0.1
SENSOR_CATTLE_122725,CATTLE_122725,BioSensor,2025-08-08,59,v2.0.1
SENSOR_CATTLE_055975,CATTLE_055975,FeedSensor,2025-11-12,85,v1.5.9
SENSOR_CATTLE_216675,CATTLE_216675,FeedSensor,2025-04-08,68,v1.5.9
SENSOR_CATTLE_091342,CATTLE_091342,BioSensor,2025-05-14,56,v1.2.3
SENSOR_CATTLE_012170,CATTLE_012170,EnvSensor,2025-07-18,47,v2.0.1
SENSOR_CATTLE_245457,CATTLE_245457,FeedSensor,2025-07-19,99,v1.2.3
SENSOR_CATTLE_224545,CATTLE_224545,FeedSensor,2025-11-25,88,v2.0.1
SENSOR_CATTLE_148322,CATTLE_148322,FeedSensor,2025-03-15,38,v1.5.9
SENSOR_CATTLE_152598,CATTLE_152598,EnvSensor,2025-06-28,53,v1.2.3
SENSOR_CATTLE_065699,CATTLE_065699,FeedSensor,2025-08-01,45,v2.0.1
SENSOR_CATTLE_207740,CATTLE_207740,BioSensor,2025-08-13,89,v1.2.3
SENSOR_CATTLE_245043,CATTLE_245043,FeedSensor,2025-06-04,59,v2.0.1
SENSOR_CATTLE_136023,CATTLE_136023,EnvSensor,2025-06-19,67,v2.0.1
SENSOR_CATTLE_126633,CATTLE_126633,FeedSensor,2025-06-27,67,v1.5.9
SENSOR_CATTLE_025769,CATTLE_025769,EnvSensor,2025-04-11,78,v1.5.9
SENSOR_CATTLE_013837,CATTLE_013837,FeedSensor,2025-05-07,97,v1.2.3
SENSOR_CATTLE_023318,CATTLE_023318,EnvSensor,2025-05-06,80,v2.0.1
SENSOR_CATTLE_035158,CATTLE_035158,BioSensor,2025-04-13,85,v1.5.9
SENSOR_CATTLE_032435,CATTLE_032435,FeedSensor,2025-08-17,45,v1.5.9
SENSOR_CATTLE_140733,CATTLE_140733,EnvSensor,2025-08-01,43,v1.2.3
SENSOR_CATTLE_201243,CATTLE_201243,FeedSensor,2025-05-16,74,v1.2.3
SENSOR_CATTLE_244679,CATTLE_244679,EnvSensor,2025-08-07,59,v1.5.9
SENSOR_CATTLE_153587,CATTLE_153587,EnvSensor,2025-07-26,35,v2.0.1
SENSOR_CATTLE_190271,CATTLE_190271,BioSensor,2025-07-05,55,v1.2.3
SENSOR_CATTLE_157461,CATTLE_157461,EnvSensor,2025-06-14,40,v1.2.3
SENSOR_CATTLE_016350,CATTLE_016350,EnvSensor,2025-09-17,39,v1.5.9
SENSOR_CATTLE_108700,CATTLE_108700,BioSensor,2025-11-23,68,v2.0.1
SENSOR_CATTLE_092499,CATTLE_092499,BioSensor,2025-06-03,93,v1.5.9
SENSOR_CATTLE_229442,CATTLE_229442,FeedSensor,2025-06-03,89,v1.2.3
SENSOR_CATTLE_109061,CATTLE_109061,EnvSensor,2025-03-03,42,v1.5.9
SENSOR_CATTLE_079696,CATTLE_079696,FeedSensor,2025-05-09,95,v2.0.1
SENSOR_CATTLE_240597,CATTLE_240597,EnvSensor,2025-10-25,57,v2.0.1
SENSOR_CATTLE_026044,CATTLE_026044,FeedSensor,2025-08-10,100,v1.2.3
SENSOR_CATTLE_067045,CATTLE_067045,BioSensor,2025-07-19,58,v1.5.9
SENSOR_CATTLE_092102,CATTLE_092102,BioSensor,2025-11-01,89,v2.0.1
SENSOR_CATTLE_054550,CATTLE_054550,EnvSensor,2025-08-06,42,v1.5.9
SENSOR_CATTLE_237243,CATTLE_237243,BioSensor,2025-05-15,42,v1.2.3
SENSOR_CATTLE_164684,CATTLE_164684,FeedSensor,2025-09-03,48,v1.5.9
SENSOR_CATTLE_164500,CATTLE_164500,BioSensor,2025-09-20,82,v2.0.1
SENSOR_CATTLE_023241,CATTLE_023241,BioSensor,2025-05-05,44,v1.5.9
SENSOR_CATTLE_015126,CATTLE_015126,FeedSensor,2025-04-13,55,v1.2.3
SENSOR_CATTLE_246415,CATTLE_246415,EnvSensor,2025-11-04,43,v2.0.1
SENSOR_CATTLE_090496,CATTLE_090496,EnvSensor,2025-05-16,76,v1.2.3
SENSOR_CATTLE_119954,CATTLE_119954,FeedSensor,2025-06-08,78,v1.5.9
SENSOR_CATTLE_221508,CATTLE_221508,FeedSensor,2025-08-24,49,v1.5.9
SENSOR_CATTLE_034692,CATTLE_034692,EnvSensor,2025-04-08,74,v1.5.9
SENSOR_CATTLE_001186,CATTLE_001186,EnvSensor,2025-03-08,49,v1.2.3
SENSOR_CATTLE_039899,CATTLE_039899,EnvSensor,2025-05-29,72,v2.0.1
SENSOR_CATTLE_045555,CATTLE_045555,FeedSensor,2025-03-26,93,v1.5.9
SENSOR_CATTLE_039422,CATTLE_039422,FeedSensor,2025-03-15,54,v1.2.3
SENSOR_CATTLE_090399,CATTLE_090399,BioSensor,2025-07-26,52,v2.0.1
SENSOR_CATTLE_244678,CATTLE_244678,BioSensor,2025-05-25,30,v2.0.1
SENSOR_CATTLE_079082,CATTLE_079082,FeedSensor,2025-05-03,44,v2.0.1
SENSOR_CATTLE_066722,CATTLE_066722,FeedSensor,2025-06-10,66,v1.2.3
SENSOR_CATTLE_177729,CATTLE_177729,FeedSensor,2025-07-23,41,v1.5.9
SENSOR_CATTLE_135705,CATTLE_135705,BioSensor,2025-04-18,37,v1.5.9
SENSOR_CATTLE_000796,CATTLE_000796,EnvSensor,2025-10-19,93,v2.0.1
SENSOR_CATTLE_003695,CATTLE_003695,EnvSensor,2025-08-08,76,v1.2.3
SENSOR_CATTLE_128554,CATTLE_128554,BioSensor,2025-08-16,41,v1.5.9
SENSOR_CATTLE_138413,CATTLE_138413,FeedSensor,2025-03-24,39,v2.0.1
SENSOR_CATTLE_084559,CATTLE_084559,BioSensor,2025-11-26,57,v2.0.1
SENSOR_CATTLE_145903,CATTLE_145903,BioSensor,2025-06-10,75,v1.5.9
SENSOR_CATTLE_216244,CATTLE_216244,FeedSensor,2025-05-31,70,v1.5.9
SENSOR_CATTLE_230929,CATTLE_230929,BioSensor,2025-09-27,92,v1.5.9
SENSOR_CATTLE_026491,CATTLE_026491,FeedSensor,2025-08-15,85,v1.5.9
SENSOR_CATTLE_149977,CATTLE_149977,EnvSensor,2025-09-12,65,v1.5.9
SENSOR_CATTLE_078745,CATTLE_078745,FeedSensor,2025-06-01,47,v2.0.1
SENSOR_CATTLE_017968,CATTLE_017968,EnvSensor,2025-11-23,74,v1.2.3
SENSOR_CATTLE_053300,CATTLE_053300,FeedSensor,2025-06-04,51,v1.5.9
SENSOR_CATTLE_014709,CATTLE_014709,EnvSensor,2025-10-22,74,v1.5.9
SENSOR_CATTLE_178884,CATTLE_178884,EnvSensor,2025-05-21,70,v1.2.3
SENSOR_CATTLE_104911,CATTLE_104911,BioSensor,2025-10-25,78,v2.0.1
SENSOR_CATTLE_109632,CATTLE_109632,BioSensor,2025-03-20,65,v1.5.9
SENSOR_CATTLE_148940,CATTLE_148940,EnvSensor,2025-04-04,87,v1.5.9
SENSOR_CATTLE_046111,CATTLE_046111,EnvSensor,2025-03-20,68,v2.0.1
SENSOR_CATTLE_043458,CATTLE_043458,EnvSensor,2025-06-18,81,v2.0.1
SENSOR_CATTLE_095207,CATTLE_095207,EnvSensor,2025-07-28,32,v2.0.1
SENSOR_CATTLE_077444,CATTLE_077444,EnvSensor,2025-04-25,37,v1.2.3
SENSOR_CATTLE_249382,CATTLE_249382,FeedSensor,2025-04-06,67,v1.2.3
SENSOR_CATTLE_243239,CATTLE_243239,EnvSensor,2025-06-02,53,v1.2.3
SENSOR_CATTLE_036962,CATTLE_036962,EnvSensor,2025-09-10,59,v1.2.3
SENSOR_CATTLE_082859,CATTLE_082859,BioSensor,2025-09-08,57,v2.0.1
SENSOR_CATTLE_070138,CATTLE_070138,FeedSensor,2025-10-24,36,v1.2.3
SENSOR_CATTLE_141998,CATTLE_141998,BioSensor,2025-05-03,47,v2.0.1
SENSOR_CATTLE_055772,CATTLE_055772,BioSensor,2025-08-05,60,v1.2.3
SENSOR_CATTLE_080424,CATTLE_080424,FeedSensor,2025-04-05,42,v2.0.1
SENSOR_CATTLE_018382,CATTLE_018382,BioSensor,2025-03-23,39,v1.5.9
SENSOR_CATTLE_170859,CATTLE_170859,EnvSensor,2025-11-25,74,v1.5.9
SENSOR_CATTLE_115700,CATTLE_115700,EnvSensor,2025-08-05,65,v2.0.1
SENSOR_CATTLE_248408,CATTLE_248408,FeedSensor,2025-03-11,49,v2.0.1
SENSOR_CATTLE_028242,CATTLE_028242,BioSensor,2025-10-22,58,v1.5.9
SENSOR_CATTLE_128108,CATTLE_128108,BioSensor,2025-06-23,79,v1.5.9
SENSOR_CATTLE_096796,CATTLE_096796,FeedSensor,2025-08-18,45,v1.2.3
SENSOR_CATTLE_006577,CATTLE_006577,FeedSensor,2025-06-13,72,v1.2.3
SENSOR_CATTLE_008940,CATTLE_008940,BioSensor,2025-08-05,48,v2.0.1
SENSOR_CATTLE_022734,CATTLE_022734,EnvSensor,2025-06-09,79,v1.2.3
SENSOR_CATTLE_060036,CATTLE_060036,FeedSensor,2025-07-08,93,v2.0.1
SENSOR_CATTLE_132462,CATTLE_132462,BioSensor,2025-10-06,72,v1.2.3
SENSOR_CATTLE_135229,CATTLE_135229,EnvSensor,2025-03-16,46,v1.5.9
SENSOR_CATTLE_196388,CATTLE_196388,EnvSensor,2025-03-17,43,v1.2.3
SENSOR_CATTLE_075106,CATTLE_075106,FeedSensor,2025-03-13,96,v1.5.9
SENSOR_CATTLE_189845,CATTLE_189845,BioSensor,2025-03-27,68,v2.0.1
SENSOR_CATTLE_001636,CATTLE_001636,EnvSensor,2025-04-02,98,v1.2.3
SENSOR_CATTLE_012119,CATTLE_012119,FeedSensor,2025-11-14,76,v1.2.3
SENSOR_CATTLE_161857,CATTLE_161857,EnvSensor,2025-11-11,74,v2.0.1
SENSOR_CATTLE_072209,CATTLE_072209,BioSensor,2025-06-06,74,v1.5.9
SENSOR_CATTLE_141647,CATTLE_141647,EnvSensor,2025-08-27,39,v1.5.9
SENSOR_CATTLE_100241,CATTLE_100241,FeedSensor,2025-07-23,54,v1.2.3
SENSOR_CATTLE_242889,CATTLE_242889,BioSensor,2025-05-12,50,v1.5.9
SENSOR_CATTLE_104683,CATTLE_104683,FeedSensor,2025-05-05,94,v1.2.3
SENSOR_CATTLE_046342,CATTLE_046342,FeedSensor,2025-09-07,93,v1.2.3
SENSOR_CATTLE_101574,CATTLE_101574,BioSensor,2025-09-17,39,v2.0.1
SENSOR_CATTLE_000257,CATTLE_000257,BioSensor,2025-05-16,50,v1.2.3
SENSOR_CATTLE_150897,CATTLE_150897,FeedSensor,2025-04-05,52,v1.2.3
SENSOR_CATTLE_057359,CATTLE_057359,BioSensor,2025-06-26,50,v2.0.1
SENSOR_CATTLE_235680,CATTLE_235680,BioSensor,2025-07-14,56,v1.5.9
SENSOR_CATTLE_088058,CATTLE_088058,BioSensor,2025-09-15,82,v1.2.3
SENSOR_CATTLE_225997,CATTLE_225997,BioSensor,2025-03-29,42,v2.0.1
SENSOR_CATTLE_134232,CATTLE_134232,BioSensor,2025-04-09,31,v1.2.3
SENSOR_CATTLE_244434,CATTLE_244434,EnvSensor,2025-06-07,47,v2.0.1
SENSOR_CATTLE_094886,CATTLE_094886,EnvSensor,2025-10-22,75,v1.2.3
SENSOR_CATTLE_042782,CATTLE_042782,BioSensor,2025-07-17,36,v2.0.1
SENSOR_CATTLE_062548,CATTLE_062548,FeedSensor,2025-05-30,68,v1.5.9
SENSOR_CATTLE_232370,CATTLE_232370,BioSensor,2025-08-28,71,v1.5.9
SENSOR_CATTLE_247505,CATTLE_247505,EnvSensor,2025-09-13,33,v2.0.1
SENSOR_CATTLE_156532,CATTLE_156532,BioSensor,2025-08-06,51,v1.5.9
SENSOR_CATTLE_231894,CATTLE_231894,BioSensor,2025-11-23,80,v1.5.9
SENSOR_CATTLE_055303,CATTLE_055303,FeedSensor,2025-06-21,65,v2.0.1
SENSOR_CATTLE_130212,CATTLE_130212,EnvSensor,2025-11-28,53,v1.5.9
SENSOR_CATTLE_193550,CATTLE_193550,BioSensor,2025-08-28,39,v1.2.3
SENSOR_CATTLE_227364,CATTLE_227364,BioSensor,2025-08-20,36,v1.5.9
SENSOR_CATTLE_100380,CATTLE_100380,BioSensor,2025-06-08,85,v2.0.1
SENSOR_CATTLE_043688,CATTLE_043688,BioSensor,2025-05-31,55,v2.0.1
SENSOR_CATTLE_173720,CATTLE_173720,BioSensor,2025-08-08,58,v1.2.3
SENSOR_CATTLE_153981,CATTLE_153981,FeedSensor,2025-05-06,95,v1.2.3
SENSOR_CATTLE_188072,CATTLE_188072,EnvSensor,2025-09-21,41,v1.2.3
SENSOR_CATTLE_248027,CATTLE_248027,EnvSensor,2025-07-09,30,v1.2.3
SENSOR_CATTLE_055392,CATTLE_055392,EnvSensor,2025-09-05,46,v1.5.9
SENSOR_CATTLE_104944,CATTLE_104944,BioSensor,2025-06-05,75,v1.5.9
SENSOR_CATTLE_244039,CATTLE_244039,BioSensor,2025-11-14,89,v1.5.9
SENSOR_CATTLE_191301,CATTLE_191301,BioSensor,2025-03-10,33,v1.5.9
SENSOR_CATTLE_204137,CATTLE_204137,FeedSensor,2025-11-26,61,v2.0.1
SENSOR_CATTLE_081019,CATTLE_081019,EnvSensor,2025-07-20,92,v1.2.3
SENSOR_CATTLE_196976,CATTLE_196976,FeedSensor,2025-04-21,33,v1.5.9
SENSOR_CATTLE_070901,CATTLE_070901,EnvSensor,2025-06-17,89,v1.2.3
SENSOR_CATTLE_092315,CATTLE_092315,FeedSensor,2025-05-30,89,v2.0.1
SENSOR_CATTLE_050551,CATTLE_050551,FeedSensor,2025-08-02,75,v1.5.9
SENSOR_CATTLE_182028,CATTLE_182028,FeedSensor,2025-10-09,86,v1.2.3
SENSOR_CATTLE_148222,CATTLE_148222,FeedSensor,2025-05-07,39,v1.2.3
SENSOR_CATTLE_162663,CATTLE_162663,FeedSensor,2025-11-15,94,v1.5.9
SENSOR_CATTLE_246472,CATTLE_246472,BioSensor,2025-08-09,68,v2.0.1
SENSOR_CATTLE_052031,CATTLE_052031,BioSensor,2025-05-11,30,v2.0.1
SENSOR_CATTLE_029465,CATTLE_029465,FeedSensor,2025-11-04,58,v1.5.9
SENSOR_CATTLE_049406,CATTLE_049406,EnvSensor,2025-08-28,39,v1.5.9
SENSOR_CATTLE_157437,CATTLE_157437,BioSensor,2025-03-04,31,v1.2.3
SENSOR_CATTLE_204497,CATTLE_204497,EnvSensor,2025-10-24,60,v1.2.3
SENSOR_CATTLE_122740,CATTLE_122740,EnvSensor,2025-05-16,74,v1.5.9
SENSOR_CATTLE_080372,CATTLE_080372,FeedSensor,2025-06-24,80,v1.5.9
SENSOR_CATTLE_122599,CATTLE_122599,BioSensor,2025-05-01,64,v1.2.3
SENSOR_CATTLE_193038,CATTLE_193038,FeedSensor,2025-06-13,96,v1.5.9
SENSOR_CATTLE_169970,CATTLE_169970,FeedSensor,2025-08-04,83,v1.5.9
SENSOR_CATTLE_170627,CATTLE_170627,BioSensor,2025-03-24,52,v1.5.9
SENSOR_CATTLE_051514,CATTLE_051514,FeedSensor,2025-06-27,73,v2.0.1
SENSOR_CATTLE_005800,CATTLE_005800,EnvSensor,2025-04-08,45,v1.2.3
SENSOR_CATTLE_142176,CATTLE_142176,BioSensor,2025-07-26,67,v1.5.9
SENSOR_CATTLE_010050,CATTLE_010050,BioSensor,2025-03-30,97,v1.2.3
SENSOR_CATTLE_001117,CATTLE_001117,EnvSensor,2025-09-15,85,v2.0.1
SENSOR_CATTLE_132553,CATTLE_132553,EnvSensor,2025-03-11,83,v1.5.9
SENSOR_CATTLE_053911,CATTLE_053911,EnvSensor,2025-09-27,90,v2.0.1
SENSOR_CATTLE_041448,CATTLE_041448,BioSensor,2025-10-03,93,v2.0.1
SENSOR_CATTLE_184942,CATTLE_184942,EnvSensor,2025-11-09,50,v1.2.3
SENSOR_CATTLE_001399,CATTLE_001399,BioSensor,2025-09-02,32,v1.2.3
SENSOR_CATTLE_014431,CATTLE_014431,BioSensor,2025-06-11,86,v1.5.9
SENSOR_CATTLE_114736,CATTLE_114736,BioSensor,2025-03-12,99,v1.5.9
SENSOR_CATTLE_205030,CATTLE_205030,BioSensor,2025-11-23,48,v1.2.3
SENSOR_CATTLE_158105,CATTLE_158105,FeedSensor,2025-04-03,95,v1.5.9
SENSOR_CATTLE_066326,CATTLE_066326,BioSensor,2025-07-26,52,v1.2.3
SENSOR_CATTLE_153741,CATTLE_153741,FeedSensor,2025-11-11,44,v2.0.1
SENSOR_CATTLE_150136,CATTLE_150136,BioSensor,2025-09-17,73,v1.5.9
SENSOR_CATTLE_069509,CATTLE_069509,BioSensor,2025-11-10,88,v1.5.9
SENSOR_CATTLE_036579,CATTLE_036579,BioSensor,2025-05-20,33,v1.2.3
SENSOR_CATTLE_086911,CATTLE_086911,EnvSensor,2025-10-11,53,v1.5.9
SENSOR_CATTLE_214986,CATTLE_214986,BioSensor,2025-09-03,46,v1.2.3
SENSOR_CATTLE_059353,CATTLE_059353,FeedSensor,2025-03-27,63,v2.0.1
SENSOR_CATTLE_026630,CATTLE_026630,BioSensor,2025-06-24,95,v2.0.1
SENSOR_CATTLE_003916,CATTLE_003916,FeedSensor,2025-10-28,34,v2.0.1
SENSOR_CATTLE_046477,CATTLE_046477,BioSensor,2025-10-06,63,v1.5.9
SENSOR_CATTLE_035829,CATTLE_035829,EnvSensor,2025-09-19,82,v1.2.3
SENSOR_CATTLE_060463,CATTLE_060463,FeedSensor,2025-09-03,57,v1.2.3
SENSOR_CATTLE_148625,CATTLE_148625,EnvSensor,2025-05-29,62,v2.0.1
SENSOR_CATTLE_185276,CATTLE_185276,FeedSensor,2025-03-28,97,v2.0.1
SENSOR_CATTLE_230554,CATTLE_230554,EnvSensor,2025-07-14,42,v1.2.3
SENSOR_CATTLE_104023,CATTLE_104023,FeedSensor,2025-05-15,41,v1.5.9
SENSOR_CATTLE_086934,CATTLE_086934,BioSensor,2025-04-24,92,v2.0.1
SENSOR_CATTLE_169598,CATTLE_169598,FeedSensor,2025-04-21,45,v2.0.1
SENSOR_CATTLE_203979,CATTLE_203979,EnvSensor,2025-10-24,43,v2.0.1
SENSOR_CATTLE_009255,CATTLE_009255,EnvSensor,2025-09-08,67,v2.0.1
SENSOR_CATTLE_022325,CATTLE_022325,BioSensor,2025-10-10,35,v1.5.9
SENSOR_CATTLE_027901,CATTLE_027901,BioSensor,2025-03-12,49,v2.0.1
SENSOR_CATTLE_013663,CATTLE_013663,EnvSensor,2025-11-08,49,v1.5.9
SENSOR_CATTLE_081374,CATTLE_081374,EnvSensor,2025-09-02,66,v2.0.1
SENSOR_CATTLE_197885,CATTLE_197885,FeedSensor,2025-09-06,74,v1.5.9
SENSOR_CATTLE_001544,CATTLE_001544,BioSensor,2025-10-22,59,v1.2.3
SENSOR_CATTLE_185740,CATTLE_185740,FeedSensor,2025-09-25,63,v1.5.9
SENSOR_CATTLE_083868,CATTLE_083868,FeedSensor,2025-07-10,53,v2.0.1
SENSOR_CATTLE_154827,CATTLE_154827,BioSensor,2025-03-20,47,v1.5.9
SENSOR_CATTLE_107581,CATTLE_107581,BioSensor,2025-11-11,81,v2.0.1
SENSOR_CATTLE_223037,CATTLE_223037,BioSensor,2025-05-13,77,v2.0.1
SENSOR_CATTLE_009482,CATTLE_009482,EnvSensor,2025-03-27,30,v1.2.3
SENSOR_CATTLE_021610,CATTLE_021610,FeedSensor,2025-11-24,45,v2.0.1
SENSOR_CATTLE_152168,CATTLE_152168,FeedSensor,2025-06-04,47,v1.2.3
SENSOR_CATTLE_100203,CATTLE_100203,FeedSensor,2025-07-09,56,v2.0.1
SENSOR_CATTLE_139511,CATTLE_139511,BioSensor,2025-06-16,84,v2.0.1
SENSOR_CATTLE_132429,CATTLE_132429,FeedSensor,2025-03-24,85,v1.5.9
SENSOR_CATTLE_187613,CATTLE_187613,FeedSensor,2025-04-14,36,v1.5.9
SENSOR_CATTLE_043018,CATTLE_043018,FeedSensor,2025-04-25,81,v2.0.1
SENSOR_CATTLE_205576,CATTLE_205576,BioSensor,2025-03-05,71,v2.0.1
SENSOR_CATTLE_027262,CATTLE_027262,BioSensor,2025-05-13,78,v2.0.1
SENSOR_CATTLE_076650,CATTLE_076650,FeedSensor,2025-07-11,35,v2.0.1
SENSOR_CATTLE_217353,CATTLE_217353,FeedSensor,2025-05-08,35,v2.0.1
SENSOR_CATTLE_058816,CATTLE_058816,EnvSensor,2025-09-05,87,v1.2.3
SENSOR_CATTLE_056352,CATTLE_056352,EnvSensor,2025-04-20,44,v1.5.9
SENSOR_CATTLE_237093,CATTLE_237093,FeedSensor,2025-07-22,44,v2.0.1
SENSOR_CATTLE_221882,CATTLE_221882,EnvSensor,2025-07-03,76,v2.0.1
SENSOR_CATTLE_052949,CATTLE_052949,FeedSensor,2025-08-22,89,v2.0.1
SENSOR_CATTLE_157380,CATTLE_157380,BioSensor,2025-08-22,82,v1.5.9
SENSOR_CATTLE_185140,CATTLE_185140,EnvSensor,2025-05-21,91,v1.2.3
SENSOR_CATTLE_193962,CATTLE_193962,FeedSensor,2025-11-16,88,v1.5.9
SENSOR_CATTLE_078331,CATTLE_078331,BioSensor,2025-07-28,72,v1.2.3
SENSOR_CATTLE_034407,CATTLE_034407,FeedSensor,2025-04-04,53,v1.5.9
SENSOR_CATTLE_032441,CATTLE_032441,EnvSensor,2025-07-21,61,v1.5.9
SENSOR_CATTLE_134454,CATTLE_134454,EnvSensor,2025-11-02,51,v1.2.3
SENSOR_CATTLE_229006,CATTLE_229006,BioSensor,2025-09-08,84,v1.5.9
SENSOR_CATTLE_146470,CATTLE_146470,EnvSensor,2025-03-19,33,v1.5.9
SENSOR_CATTLE_071654,CATTLE_071654,BioSensor,2025-05-27,93,v2.0.1
SENSOR_CATTLE_146886,CATTLE_146886,BioSensor,2025-09-29,51,v2.0.1
SENSOR_CATTLE_117482,CATTLE_117482,FeedSensor,2025-10-03,74,v2.0.1
SENSOR_CATTLE_072377,CATTLE_072377,EnvSensor,2025-07-20,58,v1.2.3
SENSOR_CATTLE_044355,CATTLE_044355,EnvSensor,2025-05-20,30,v1.5.9
SENSOR_CATTLE_052975,CATTLE_052975,EnvSensor,2025-05-13,77,v1.2.3
SENSOR_CATTLE_122960,CATTLE_122960,FeedSensor,2025-10-07,85,v2.0.1
SENSOR_CATTLE_094694,CATTLE_094694,EnvSensor,2025-07-30,95,v1.2.3
SENSOR_CATTLE_088227,CATTLE_088227,BioSensor,2025-03-07,92,v1.5.9
SENSOR_CATTLE_081290,CATTLE_081290,EnvSensor,2025-08-22,75,v1.2.3
SENSOR_CATTLE_225382,CATTLE_225382,EnvSensor,2025-06-19,40,v1.5.9
SENSOR_CATTLE_183062,CATTLE_183062,BioSensor,2025-03-18,49,v2.0.1
SENSOR_CATTLE_105002,CATTLE_105002,FeedSensor,2025-03-21,52,v1.5.9
SENSOR_CATTLE_240487,CATTLE_240487,BioSensor,2025-11-10,75,v1.5.9
SENSOR_CATTLE_016895,CATTLE_016895,FeedSensor,2025-08-30,99,v2.0.1
SENSOR_CATTLE_035980,CATTLE_035980,FeedSensor,2025-09-04,71,v2.0.1
SENSOR_CATTLE_108199,CATTLE_108199,EnvSensor,2025-08-11,82,v1.2.3
SENSOR_CATTLE_221828,CATTLE_221828,BioSensor,2025-06-27,52,v2.0.1
SENSOR_CATTLE_000791,CATTLE_000791,BioSensor,2025-09-28,67,v1.5.9
SENSOR_CATTLE_173799,CATTLE_173799,BioSensor,2025-11-26,43,v2.0.1
SENSOR_CATTLE_113623,CATTLE_113623,EnvSensor,2025-06-21,52,v1.5.9
SENSOR_CATTLE_203206,CATTLE_203206,EnvSensor,2025-09-21,79,v1.5.9
SENSOR_CATTLE_198798,CATTLE_198798,BioSensor,2025-09-07,48,v1.5.9
SENSOR_CATTLE_058129,CATTLE_058129,BioSensor,2025-04-14,59,v2.0.1
SENSOR_CATTLE_075006,CATTLE_075006,EnvSensor,2025-06-28,50,v1.5.9
SENSOR_CATTLE_067942,CATTLE_067942,BioSensor,2025-07-28,45,v2.0.1
SENSOR_CATTLE_143884,CATTLE_143884,BioSensor,2025-08-08,40,v1.5.9
SENSOR_CATTLE_238618,CATTLE_238618,EnvSensor,2025-03-05,96,v2.0.1
SENSOR_CATTLE_102515,CATTLE_102515,FeedSensor,2025-07-10,72,v1.5.9
SENSOR_CATTLE_200923,CATTLE_200923,BioSensor,2025-06-02,98,v1.5.9
SENSOR_CATTLE_192109,CATTLE_192109,FeedSensor,2025-03-21,47,v1.5.9
SENSOR_CATTLE_249252,CATTLE_249252,EnvSensor,2025-10-08,85,v2.0.1
SENSOR_CATTLE_084505,CATTLE_084505,FeedSensor,2025-03-15,57,v1.5.9
SENSOR_CATTLE_226493,CATTLE_226493,BioSensor,2025-05-27,80,v1.5.9
SENSOR_CATTLE_075660,CATTLE_075660,EnvSensor,2025-07-23,76,v1.2.3
SENSOR_CATTLE_060787,CATTLE_060787,FeedSensor,2025-08-17,66,v1.5.9
SENSOR_CATTLE_034508,CATTLE_034508,BioSensor,2025-07-01,77,v2.0.1
SENSOR_CATTLE_097402,CATTLE_097402,BioSensor,2025-03-08,46,v1.2.3
SENSOR_CATTLE_018598,CATTLE_018598,EnvSensor,2025-07-08,78,v2.0.1
SENSOR_CATTLE_216056,CATTLE_216056,BioSensor,2025-11-04,33,v1.5.9
SENSOR_CATTLE_115281,CATTLE_115281,BioSensor,2025-04-11,40,v1.5.9
SENSOR_CATTLE_206789,CATTLE_206789,FeedSensor,2025-10-03,77,v1.5.9
SENSOR_CATTLE_076559,CATTLE_076559,EnvSensor,2025-07-21,88,v1.2.3
SENSOR_CATTLE_009018,CATTLE_009018,BioSensor,2025-11-18,43,v1.2.3
SENSOR_CATTLE_086439,CATTLE_086439,FeedSensor,2025-04-07,50,v2.0.1
SENSOR_CATTLE_015974,CATTLE_015974,FeedSensor,2025-07-06,99,v1.5.9
SENSOR_CATTLE_122364,CATTLE_122364,EnvSensor,2025-09-16,68,v1.5.9
SENSOR_CATTLE_014054,CATTLE_014054,BioSensor,2025-04-13,54,v2.0.1
SENSOR_CATTLE_211356,CATTLE_211356,FeedSensor,2025-03-21,84,v2.0.1
SENSOR_CATTLE_090435,CATTLE_090435,EnvSensor,2025-03-20,37,v2.0.1
SENSOR_CATTLE_063375,CATTLE_063375,EnvSensor,2025-04-30,57,v1.5.9
SENSOR_CATTLE_212602,CATTLE_212602,FeedSensor,2025-10-09,50,v2.0.1
SENSOR_CATTLE_138759,CATTLE_138759,FeedSensor,2025-03-14,64,v1.2.3
SENSOR_CATTLE_035145,CATTLE_035145,BioSensor,2025-06-28,93,v2.0.1
SENSOR_CATTLE_047845,CATTLE_047845,EnvSensor,2025-03-20,43,v1.5.9
SENSOR_CATTLE_068075,CATTLE_068075,BioSensor,2025-08-02,64,v1.2.3
SENSOR_CATTLE_034091,CATTLE_034091,BioSensor,2025-07-18,89,v1.2.3
SENSOR_CATTLE_141790,CATTLE_141790,BioSensor,2025-03-04,83,v1.5.9
SENSOR_CATTLE_239440,CATTLE_239440,FeedSensor,2025-04-18,95,v1.5.9
SENSOR_CATTLE_064036,CATTLE_064036,BioSensor,2025-04-07,52,v1.2.3
SENSOR_CATTLE_040599,CATTLE_040599,EnvSensor,2025-06-30,37,v1.5.9
SENSOR_CATTLE_218704,CATTLE_218704,FeedSensor,2025-11-08,34,v1.5.9
SENSOR_CATTLE_105324,CATTLE_105324,BioSensor,2025-11-15,91,v1.5.9
SENSOR_CATTLE_081621,CATTLE_081621,EnvSensor,2025-06-13,54,v2.0.1
SENSOR_CATTLE_232127,CATTLE_232127,EnvSensor,2025-03-06,95,v1.2.3
SENSOR_CATTLE_163421,CATTLE_163421,FeedSensor,2025-06-25,96,v1.5.9
SENSOR_CATTLE_195796,CATTLE_195796,EnvSensor,2025-06-18,30,v2.0.1
SENSOR_CATTLE_105380,CATTLE_105380,EnvSensor,2025-04-29,63,v1.5.9
SENSOR_CATTLE_166741,CATTLE_166741,BioSensor,2025-03-07,56,v1.5.9
SENSOR_CATTLE_050596,CATTLE_050596,FeedSensor,2025-07-06,47,v2.0.1
SENSOR_CATTLE_077453,CATTLE_077453,BioSensor,2025-04-17,84,v2.0.1
SENSOR_CATTLE_201732,CATTLE_201732,FeedSensor,2025-04-17,99,v1.5.9
SENSOR_CATTLE_079849,CATTLE_079849,BioSensor,2025-10-29,59,v1.5.9
SENSOR_CATTLE_133982,CATTLE_133982,FeedSensor,2025-07-27,38,v2.0.1
SENSOR_CATTLE_190929,CATTLE_190929,FeedSensor,2025-11-14,39,v1.5.9
SENSOR_CATTLE_040555,CATTLE_040555,EnvSensor,2025-05-06,77,v1.5.9
SENSOR_CATTLE_205178,CATTLE_205178,BioSensor,2025-11-09,80,v1.2.3
SENSOR_CATTLE_181907,CATTLE_181907,EnvSensor,2025-11-11,94,v1.5.9
SENSOR_CATTLE_206523,CATTLE_206523,EnvSensor,2025-09-14,84,v2.0.1
SENSOR_CATTLE_060814,CATTLE_060814,FeedSensor,2025-03-25,46,v1.2.3
SENSOR_CATTLE_075489,CATTLE_075489,FeedSensor,2025-08-06,30,v1.2.3
SENSOR_CATTLE_229950,CATTLE_229950,BioSensor,2025-06-29,62,v1.2.3
SENSOR_CATTLE_213842,CATTLE_213842,BioSensor,2025-08-04,63,v2.0.1
SENSOR_CATTLE_174628,CATTLE_174628,EnvSensor,2025-06-05,61,v1.5.9
SENSOR_CATTLE_133467,CATTLE_133467,FeedSensor,2025-08-05,61,v2.0.1
SENSOR_CATTLE_203550,CATTLE_203550,BioSensor,2025-04-18,100,v1.5.9
SENSOR_CATTLE_236338,CATTLE_236338,BioSensor,2025-09-27,40,v2.0.1
SENSOR_CATTLE_102873,CATTLE_102873,FeedSensor,2025-04-25,49,v1.2.3
SENSOR_CATTLE_070140,CATTLE_070140,FeedSensor,2025-06-28,42,v1.2.3
SENSOR_CATTLE_218721,CATTLE_218721,EnvSensor,2025-09-17,57,v2.0.1
SENSOR_CATTLE_097653,CATTLE_097653,EnvSensor,2025-04-14,41,v2.0.1
SENSOR_CATTLE_232111,CATTLE_232111,EnvSensor,2025-08-06,37,v1.5.9
SENSOR_CATTLE_006661,CATTLE_006661,EnvSensor,2025-09-09,67,v1.2.3
SENSOR_CATTLE_019838,CATTLE_019838,FeedSensor,2025-08-29,49,v1.5.9
SENSOR_CATTLE_008326,CATTLE_008326,EnvSensor,2025-06-27,76,v2.0.1
SENSOR_CATTLE_179640,CATTLE_179640,BioSensor,2025-10-28,85,v1.2.3
SENSOR_CATTLE_195898,CATTLE_195898,EnvSensor,2025-11-22,73,v2.0.1
SENSOR_CATTLE_189382,CATTLE_189382,EnvSensor,2025-03-25,72,v1.5.9
SENSOR_CATTLE_049328,CATTLE_049328,BioSensor,2025-03-05,91,v2.0.1
SENSOR_CATTLE_120443,CATTLE_120443,EnvSensor,2025-10-10,92,v2.0.1
SENSOR_CATTLE_045427,CATTLE_045427,BioSensor,2025-06-10,94,v1.2.3
SENSOR_CATTLE_034439,CATTLE_034439,BioSensor,2025-09-13,98,v1.2.3
SENSOR_CATTLE_230964,CATTLE_230964,BioSensor,2025-10-14,62,v2.0.1
SENSOR_CATTLE_085409,CATTLE_085409,BioSensor,2025-11-05,99,v1.2.3
SENSOR_CATTLE_093978,CATTLE_093978,FeedSensor,2025-04-17,62,v1.2.3
SENSOR_CATTLE_060961,CATTLE_060961,BioSensor,2025-04-30,57,v1.5.9
SENSOR_CATTLE_045275,CATTLE_045275,BioSensor,2025-11-07,91,v2.0.1
SENSOR_CATTLE_230066,CATTLE_230066,EnvSensor,2025-10-26,41,v1.2.3
SENSOR_CATTLE_144070,CATTLE_144070,BioSensor,2025-10-28,97,v1.2.3
SENSOR_CATTLE_058238,CATTLE_058238,BioSensor,2025-08-13,77,v1.5.9
SENSOR_CATTLE_161745,CATTLE_161745,BioSensor,2025-11-17,42,v1.5.9
SENSOR_CATTLE_014557,CATTLE_014557,EnvSensor,2025-09-26,56,v2.0.1
SENSOR_CATTLE_160128,CATTLE_160128,BioSensor,2025-04-27,45,v1.5.9
SENSOR_CATTLE_203438,CATTLE_203438,BioSensor,2025-07-04,68,v2.0.1
SENSOR_CATTLE_025469,CATTLE_025469,EnvSensor,2025-09-17,40,v1.5.9
SENSOR_CATTLE_167270,CATTLE_167270,FeedSensor,2025-08-13,83,v1.5.9
SENSOR_CATTLE_021296,CATTLE_021296,FeedSensor,2025-05-25,81,v2.0.1
SENSOR_CATTLE_196623,CATTLE_196623,BioSensor,2025-05-01,85,v2.0.1
SENSOR_CATTLE_129575,CATTLE_129575,EnvSensor,2025-05-18,74,v1.5.9
SENSOR_CATTLE_226087,CATTLE_226087,BioSensor,2025-03-07,60,v1.2.3
SENSOR_CATTLE_244225,CATTLE_244225,FeedSensor,2025-09-21,34,v2.0.1
SENSOR_CATTLE_005811,CATTLE_005811,BioSensor,2025-03-10,64,v1.5.9
SENSOR_CATTLE_002194,CATTLE_002194,FeedSensor,2025-10-26,33,v1.2.3
SENSOR_CATTLE_099947,CATTLE_099947,FeedSensor,2025-07-17,78,v2.0.1
SENSOR_CATTLE_043919,CATTLE_043919,FeedSensor,2025-08-29,47,v1.5.9
SENSOR_CATTLE_218762,CATTLE_218762,FeedSensor,2025-10-02,88,v2.0.1
SENSOR_CATTLE_227872,CATTLE_227872,FeedSensor,2025-05-21,45,v2.0.1
SENSOR_CATTLE_190086,CATTLE_190086,EnvSensor,2025-05-17,62,v1.5.9
SENSOR_CATTLE_096939,CATTLE_096939,FeedSensor,2025-07-14,88,v1.2.3
SENSOR_CATTLE_050216,CATTLE_050216,BioSensor,2025-07-05,85,v2.0.1
SENSOR_CATTLE_117259,CATTLE_117259,FeedSensor,2025-11-25,75,v1.5.9
SENSOR_CATTLE_173300,CATTLE_173300,EnvSensor,2025-11-28,98,v1.5.9
SENSOR_CATTLE_054028,CATTLE_054028,EnvSensor,2025-05-09,56,v1.2.3
SENSOR_CATTLE_197904,CATTLE_197904,FeedSensor,2025-11-25,47,v1.5.9
SENSOR_CATTLE_099480,CATTLE_099480,BioSensor,2025-05-17,61,v2.0.1
SENSOR_CATTLE_179688,CATTLE_179688,FeedSensor,2025-05-15,92,v1.2.3
SENSOR_CATTLE_011268,CATTLE_011268,FeedSensor,2025-05-28,55,v1.5.9
SENSOR_CATTLE_247141,CATTLE_247141,FeedSensor,2025-10-27,93,v1.2.3
SENSOR_CATTLE_078064,CATTLE_078064,BioSensor,2025-09-29,32,v1.5.9
SENSOR_CATTLE_109030,CATTLE_109030,EnvSensor,2025-10-06,45,v2.0.1
SENSOR_CATTLE_198663,CATTLE_198663,FeedSensor,2025-08-04,76,v2.0.1
SENSOR_CATTLE_167044,CATTLE_167044,FeedSensor,2025-07-24,92,v2.0.1
SENSOR_CATTLE_094571,CATTLE_094571,BioSensor,2025-08-22,55,v1.5.9
SENSOR_CATTLE_013280,CATTLE_013280,FeedSensor,2025-07-29,38,v1.2.3
SENSOR_CATTLE_234814,CATTLE_234814,BioSensor,2025-04-09,38,v1.2.3
SENSOR_CATTLE_178938,CATTLE_178938,BioSensor,2025-10-05,75,v2.0.1
SENSOR_CATTLE_181538,CATTLE_181538,FeedSensor,2025-11-02,43,v2.0.1
SENSOR_CATTLE_197713,CATTLE_197713,BioSensor,2025-03-19,90,v1.5.9
SENSOR_CATTLE_229146,CATTLE_229146,EnvSensor,2025-07-26,51,v1.5.9
SENSOR_CATTLE_128775,CATTLE_128775,EnvSensor,2025-09-14,71,v2.0.1
SENSOR_CATTLE_065173,CATTLE_065173,BioSensor,2025-11-04,49,v1.5.9
SENSOR_CATTLE_181077,CATTLE_181077,BioSensor,2025-08-04,82,v1.5.9
SENSOR_CATTLE_101950,CATTLE_101950,EnvSensor,2025-08-23,37,v2.0.1
SENSOR_CATTLE_051788,CATTLE_051788,FeedSensor,2025-10-22,38,v1.5.9
SENSOR_CATTLE_148708,CATTLE_148708,BioSensor,2025-07-21,37,v1.2.3
SENSOR_CATTLE_097281,CATTLE_097281,EnvSensor,2025-09-20,99,v1.2.3
SENSOR_CATTLE_044447,CATTLE_044447,BioSensor,2025-10-25,100,v1.2.3
SENSOR_CATTLE_003964,CATTLE_003964,FeedSensor,2025-05-01,78,v1.2.3
SENSOR_CATTLE_079891,CATTLE_079891,EnvSensor,2025-11-25,33,v2.0.1
SENSOR_CATTLE_015296,CATTLE_015296,EnvSensor,2025-06-26,77,v1.5.9
SENSOR_CATTLE_218374,CATTLE_218374,FeedSensor,2025-09-07,73,v2.0.1
SENSOR_CATTLE_165698,CATTLE_165698,FeedSensor,2025-08-10,73,v1.5.9
